-- ============================================================
-- Arc Raiders seeds
-- ============================================================

USE arc_raiders;

-- USERS
INSERT INTO users (UserID, Username, PasswordHash, Email, GamerTag, IsAdmin)
VALUES
  (1, 'Braden Kim', '$2b$12$I13qT39em0joO5tXgsxKhelVbCWkaMirwWLdBJb/F7Ss0b6ZJamB2', 'b@byu.edu', 'B-Raider', TRUE),
  (2, 'Josh',  '$2b$12$K8vN2pR4tX6wD9yB3cF1heQm.L7nJ5sA0gE8iU4oW2xZ6rT9yH3p', 'd@byu.edu', 'J-Raider',     FALSE),
  (3, 'Daniel',  '$2b$12$M4xP6rT8vZ0yB2dF5hJ3keWn.Q9sA1gC7iU6oE4wX8zR0tL2yN5p', 'j@byu.edu', 'Raider#1',     FALSE);

-- CATEGORIES
INSERT INTO categories (CategoryID, Name, IconURL, SortOrder) VALUES
  (1, 'Augments', '/images/icons/cat-augments.svg', 1),
  (2, 'Shields', '/images/icons/cat-shields.svg', 2),
  (3, 'Weapons', '/images/icons/cat-weapons.svg', 3),
  (4, 'Ammunition', '/images/icons/cat-ammunition.svg', 4),
  (5, 'Weapon Modifications', '/images/icons/cat-weapon-modifications.svg', 5),
  (6, 'Quick Use', '/images/icons/cat-quick-use.svg', 6),
  (7, 'Keys', '/images/icons/cat-keys.svg', 7),
  (8, 'Materials', '/images/icons/cat-materials.svg', 8),
  (9, 'Miscellaneous', '/images/icons/cat-miscellaneous.svg', 9);

-- FOUND_IN
INSERT INTO found_in (FoundInID, Name, IconURL, SortOrder) VALUES
  (1, 'ARC', '/images/icons/fi-default.svg', 1),
  (2, 'Electrical', '/images/icons/fi-default.svg', 2),
  (3, 'Mechanical', '/images/icons/fi-default.svg', 3),
  (4, 'Nature', '/images/icons/fi-default.svg', 4),
  (5, 'Residential', '/images/icons/fi-default.svg', 5),
  (6, 'Medical', '/images/icons/fi-default.svg', 6),
  (7, 'Technological, Electrical', '/images/icons/fi-default.svg', 7),
  (8, 'Residential, Commercial', '/images/icons/fi-default.svg', 8),
  (9, 'Residential, Old World, Commercial', '/images/icons/fi-default.svg', 9),
  (10, 'Security', '/images/icons/fi-default.svg', 10),
  (11, 'Exodus', '/images/icons/fi-default.svg', 11),
  (12, 'Residential, Old World', '/images/icons/fi-default.svg', 12),
  (13, 'Commercial', '/images/icons/fi-default.svg', 13),
  (14, 'Medical, Residential, Mechanical', '/images/icons/fi-default.svg', 14),
  (15, 'Industrial', '/images/icons/fi-default.svg', 15),
  (16, 'Technological', '/images/icons/fi-default.svg', 16),
  (17, 'Industrial, Security', '/images/icons/fi-default.svg', 17),
  (18, 'Medical, Commercial', '/images/icons/fi-default.svg', 18),
  (19, 'Commercial, Residential', '/images/icons/fi-default.svg', 19),
  (20, 'Commercial, Medical, Residential', '/images/icons/fi-default.svg', 20),
  (21, 'Old World, Residential', '/images/icons/fi-default.svg', 21),
  (22, 'Security, Raider', '/images/icons/fi-default.svg', 22),
  (23, 'Raider, Security', '/images/icons/fi-default.svg', 23),
  (24, 'Mechanical, Electrical', '/images/icons/fi-default.svg', 24),
  (25, 'Mechanical, Industrial, Electrical, Technological', '/images/icons/fi-default.svg', 25),
  (26, 'Old World, Residential, Commercial', '/images/icons/fi-default.svg', 26),
  (27, 'Old World', '/images/icons/fi-default.svg', 27),
  (28, 'Commercial, Residential, Technological', '/images/icons/fi-default.svg', 28),
  (29, 'Electrical, Residential, Commercial', '/images/icons/fi-default.svg', 29),
  (30, 'Mechanical, Industrial, Electrical', '/images/icons/fi-default.svg', 30),
  (31, 'Industrial, Mechanical', '/images/icons/fi-default.svg', 31),
  (32, 'Security, Technological', '/images/icons/fi-default.svg', 32),
  (33, 'Residential, Medical', '/images/icons/fi-default.svg', 33),
  (34, 'Mechanical, Industrial', '/images/icons/fi-default.svg', 34),
  (35, 'Electrical, Technological', '/images/icons/fi-default.svg', 35);

-- LOOT (529 items)
INSERT INTO loot (LootID, Name, Description, Rarity, CategoryID, FoundInID, ImageURL) VALUES
  (1, 'Acoustic Guitar', 'A playable acoustic guitar used to attract ARC\'s attention, and impress other Raiders.', 'Legendary', 6, NULL, 'https://cdn.arctracker.io/items/acoustic_guitar.png'),
  (2, 'Adrenaline Shot', 'A serum that fully restores stamina and temporarily increases stamina regeneration.', 'Common', 6, NULL, 'https://cdn.arctracker.io/items/adrenaline_shot.png'),
  (3, 'Advanced ARC Powercell', 'Very valuable resource that drops from certain ARC enemies.', 'Rare', 8, 1, 'https://cdn.arctracker.io/items/advanced_arc_powercell.png'),
  (4, 'Advanced Electrical Components', 'Used to craft a wide range of items. Can be recycled into crafting materials. Used to craft: Tactical Mk. 3 (Defensive), Combat Mk. 3 (Flanking), Combat Mk. 3 (Aggressive), Looting Mk. 3 (Cautious), Tactical Mk. 3 (Healing)', 'Rare', 8, 2, 'https://cdn.arctracker.io/items/advanced_electrical_components.png'),
  (5, 'Advanced Mechanical Components', 'Used to craft advanced weapons. Can be recycled into crafting materials. Used to craft: Torrente, Venator, Osprey, Renegade, Bettina', 'Rare', 8, 3, 'https://cdn.arctracker.io/items/advanced_mechanical_components.png'),
  (6, 'Agave', 'A piece of an agave leaf. Can be used to regain a small amount of health.', 'Uncommon', 9, 4, 'https://cdn.arctracker.io/items/agave.png'),
  (7, 'Agave Juice', 'A concoction that temporarily increases stamina regeneration, at a small initial cost to health.', 'Common', 6, NULL, 'https://cdn.arctracker.io/items/agave_juice.png'),
  (8, 'Air Freshener', 'May be worth a few coins.', 'Uncommon', 9, 3, 'https://cdn.arctracker.io/items/air_freshener.png'),
  (9, 'Alarm Clock', 'Can be recycled into crafting materials.', 'Rare', 8, 5, 'https://cdn.arctracker.io/items/alarm_clock.png'),
  (10, 'Alien Duck', 'A long, long way from home. Can be thrown to create noise.', 'Uncommon', 9, NULL, 'https://cdn.arctracker.io/items/alien_duck.png'),
  (11, 'Ancient Fort Security Code', 'One of four security codes needed to unlock the Locked Gate on Blue Gate. Found at Ancient Fort.', 'Common', 7, NULL, 'https://cdn.arctracker.io/items/security_code.png'),
  (12, 'Angled Grip I', 'Slightly reduces horizontal recoil. Compatible with: Tempest, Arpeggio, Kettle, Ferro, Hullcracker', 'Common', 5, NULL, 'https://cdn.arctracker.io/items/angled_grip_i.png'),
  (13, 'Angled Grip II', 'Moderately reduces horizontal recoil. Compatible with: Arpeggio, Ferro, Il Toro, Stitcher', 'Uncommon', 5, NULL, 'https://cdn.arctracker.io/items/angled_grip_ii.png'),
  (14, 'Angled Grip II Blueprint', 'Moderately reduces horizontal recoil. Compatible with: Arpeggio, Ferro, Il Toro, Stitcher', 'Common', 9, NULL, 'https://cdn.arctracker.io/items/angled_grip_ii.png'),
  (15, 'Angled Grip III', 'Significantly reduces horizontal recoil. Compatible with: Arpeggio, Ferro, Venator, Il Toro, Stitcher', 'Rare', 5, NULL, 'https://cdn.arctracker.io/items/angled_grip_iii.png'),
  (16, 'Angled Grip III Blueprint', 'Significantly reduces horizontal recoil. Compatible with: Arpeggio, Ferro, Venator, Il Toro, Stitcher', 'Common', 9, NULL, 'https://cdn.arctracker.io/items/angled_grip_iii.png'),
  (17, 'Antiseptic', 'Used to craft medical supplies. Can be recycled into chemicals. Used to craft: Sterilized Bandage, Vita Spray, Vita Shot', 'Rare', 8, 6, 'https://cdn.arctracker.io/items/antiseptic.png'),
  (18, 'Anvil Blueprint', 'Has high damage output and headshot damage, but slow handling.', 'Common', 9, NULL, 'https://cdn.arctracker.io/items/anvil_blueprint.png'),
  (19, 'Anvil I', 'Single-action hand cannon with high damage and headshot damage, but slow handling.', 'Uncommon', 9, NULL, 'https://cdn.arctracker.io/items/anvil.png'),
  (20, 'Anvil II', 'Single-action hand cannon with high damage and headshot damage, but slow handling.', 'Uncommon', 9, NULL, 'https://cdn.arctracker.io/items/anvil.png'),
  (21, 'Anvil III', 'Single-action hand cannon with high damage and headshot damage, but slow handling.', 'Uncommon', 9, NULL, 'https://cdn.arctracker.io/items/anvil.png'),
  (22, 'Anvil IV', 'Single-action hand cannon with high damage and headshot damage, but slow handling.', 'Uncommon', 9, NULL, 'https://cdn.arctracker.io/items/anvil.png'),
  (23, 'Anvil Splitter', 'Tech mod for the Anvil that replaces its bullets with ones that split into 4 weaker projectiles.', 'Legendary', 5, NULL, 'https://cdn.arctracker.io/items/anvil_splitter.png'),
  (24, 'Aphelion', 'An experimental ARC beam weapon powered by a Matriarch Reactor.', 'Legendary', 9, NULL, 'https://cdn.arctracker.io/items/aphelion.png'),
  (25, 'Aphelion Blueprint', 'An experimental ARC beam weapon powered by a Matriarch Reactor.', 'Common', 9, NULL, 'https://cdn.arctracker.io/items/aphelion.png'),
  (26, 'Apricot', 'A sun ripe apricot. Can be consumed for a small amount of stamina.', 'Uncommon', 9, 4, 'https://cdn.arctracker.io/items/apricot.png'),
  (27, 'ARC Alloy', 'Obtained from ARC enemies or activities, or by recycling certain ARC parts. Used to craft components. Used to craft: Light Shield, ARC Motion Core, ARC Circuitry', 'Uncommon', 8, 1, 'https://cdn.arctracker.io/items/arc_alloy.png'),
  (28, 'ARC Circuitry', 'Obtained from ARC enemies or activities. Used to craft components. Can be recycled into ARC Alloy. Used to craft: Medium Shield, Power Rod', 'Rare', 8, 1, 'https://cdn.arctracker.io/items/arc_circuitry.png'),
  (29, 'ARC Coolant', 'Obtained from ARC enemies or activities. Can be recycled into chemicals.', 'Rare', 8, 1, 'https://cdn.arctracker.io/items/arc_coolant.png'),
  (30, 'ARC Flex Rubber', 'Can be recycled into crafting materials.', 'Rare', 8, 1, 'https://cdn.arctracker.io/items/arc_flex_rubber.png'),
  (31, 'ARC Motion Core', 'Obtained from ARC enemies or activities. Used to craft components. Can be recycled into ARC Alloy. Used to craft: Magnetic Accelerator', 'Rare', 8, 1, 'https://cdn.arctracker.io/items/arc_motion_core.png'),
  (32, 'ARC Performance Steel', 'Can be recycled into crafting materials.', 'Rare', 8, 1, 'https://cdn.arctracker.io/items/arc_performance_steel.png'),
  (33, 'ARC Powercell', 'Valuable resource that drops from all ARC enemies. Used to craft: Shield Recharger Can be used to repair shields.', 'Common', 8, 1, 'https://cdn.arctracker.io/items/arc_powercell.png'),
  (34, 'ARC Synthetic Resin', 'Can be recycled into crafting materials.', 'Rare', 8, 1, 'https://cdn.arctracker.io/items/arc_synthetic_resin.png'),
  (35, 'ARC Thermo Lining', 'Can be recycled into crafting materials.', 'Rare', 8, 1, 'https://cdn.arctracker.io/items/arc_thermo_lining.png'),
  (36, 'Arpeggio I', 'Has decent damage output and accuracy.', 'Uncommon', 3, NULL, 'https://cdn.arctracker.io/items/arpeggio.png'),
  (37, 'Arpeggio II', 'Has decent damage output and accuracy.', 'Uncommon', 3, NULL, 'https://cdn.arctracker.io/items/arpeggio.png'),
  (38, 'Arpeggio III', 'Has decent damage output and accuracy.', 'Uncommon', 3, NULL, 'https://cdn.arctracker.io/items/arpeggio.png'),
  (39, 'Arpeggio IV', 'Has decent damage output and accuracy.', 'Uncommon', 3, NULL, 'https://cdn.arctracker.io/items/arpeggio.png'),
  (40, 'Assessor Matrix', '', 'Epic', 8, NULL, NULL),
  (41, 'Assorted Seeds', 'A handful of seeds. Celeste might be looking for these.', 'Common', 9, 4, 'https://cdn.arctracker.io/items/assorted_seeds.png'),
  (42, 'Bandage', 'A medical item that gradually restores health over time.', 'Common', 6, NULL, 'https://cdn.arctracker.io/items/bandage.png'),
  (43, 'Barricade Kit', 'A deployable cover that can block incoming damage until it breaks.', 'Uncommon', 6, NULL, 'https://cdn.arctracker.io/items/barricade_kit.png'),
  (44, 'Barricade Kit Blueprint', 'A deployable cover that can block incoming damage until it breaks.', 'Common', 9, NULL, 'https://cdn.arctracker.io/items/barricade_kit.png'),
  (45, 'Bastion Cell', 'Can be recycled into crafting materials.', 'Epic', 8, 1, 'https://cdn.arctracker.io/items/bastion_cell.png'),
  (46, 'Battery', 'Used to craft a wide range of items. Can be recycled into scrap metal. Used to craft: Energy Clip, Medium Shield, Jolt Mine', 'Uncommon', 8, 7, 'https://cdn.arctracker.io/items/battery.png'),
  (47, 'Bettina Blueprint', 'Has slow fire rate and high damage output.', 'Common', 9, NULL, 'https://cdn.arctracker.io/items/bettina_blueprint.png'),
  (48, 'Bettina I', 'Has slow fire rate and high damage output.', 'Epic', 3, NULL, 'https://cdn.arctracker.io/items/bettina.png'),
  (49, 'Bettina II', 'Has slow fire rate and high damage output.', 'Epic', 3, NULL, 'https://cdn.arctracker.io/items/bettina.png'),
  (50, 'Bettina III', 'Has slow fire rate and high damage output.', 'Epic', 3, NULL, 'https://cdn.arctracker.io/items/bettina.png'),
  (51, 'Bettina IV', 'Has slow fire rate and high damage output.', 'Epic', 3, NULL, 'https://cdn.arctracker.io/items/bettina.png'),
  (52, 'Bicycle Pump', 'Can be recycled into crafting materials.', 'Rare', 8, 5, 'https://cdn.arctracker.io/items/bicycle_pump.png'),
  (53, 'Binoculars', 'A basic pair of binoculars with two levels of magnification.', 'Common', 6, NULL, 'https://cdn.arctracker.io/items/binoculars.png'),
  (54, 'Blaze Grenade', 'A grenade that detonates on impact, covering an area in fire that deals damage over time.', 'Rare', 6, NULL, 'https://cdn.arctracker.io/items/blaze_grenade.png'),
  (55, 'Blaze Grenade Blueprint', 'A grenade that detonates on impact, covering an area in fire that deals damage over time.', 'Common', 9, NULL, 'https://cdn.arctracker.io/items/blaze_grenade.png'),
  (56, 'Blaze Grenade Trap', 'A laser trip wire that detonates a Blaze Grenade.', 'Rare', 6, NULL, 'https://cdn.arctracker.io/items/blaze_grenade_trap.png'),
  (57, 'Bloated Tuna Can', 'Something tells you that you don\'t want to open this... Can (reluctantly) be consumed to restore small amounts of stamina.', 'Common', 9, 8, 'https://cdn.arctracker.io/items/bloated_tuna_can.png'),
  (58, 'Blue Gate Cellar Key', 'A key to the cellar in Blue Gate.', 'Rare', 7, NULL, 'https://cdn.arctracker.io/items/blue_gate_cellar_key.png'),
  (59, 'Blue Gate Communication Tower Key', 'Unlocks a door by the Communication Tower near the Blue Gate', 'Rare', 7, NULL, 'https://cdn.arctracker.io/items/blue_gate_communication_tower_key.png'),
  (60, 'Blue Gate Confiscation Room Key', 'Unlocks a door to the confiscated goods area within the Blue Gate tunnels', 'Epic', 7, NULL, 'https://cdn.arctracker.io/items/blue_gate_confiscation_room_key.png'),
  (61, 'Blue Gate Village Key', 'A key to areas within Blue Gate Village.', 'Uncommon', 7, NULL, 'https://cdn.arctracker.io/items/blue_gate_village_key.png'),
  (62, 'Blue Light Stick', 'A throwable chemical light that illuminates the area around it.', 'Common', 6, NULL, 'https://cdn.arctracker.io/items/blue_light_stick.png'),
  (63, 'Blue Light Stick Blueprint', 'A throwable chemical light that illuminates the area around it.', 'Common', 9, NULL, 'https://cdn.arctracker.io/items/blue_light_stick_blueprint.png'),
  (64, 'Bobcat Blueprint', 'Fully automatic SMG with high fire rate but low accuracy.', 'Common', 9, NULL, 'https://cdn.arctracker.io/items/bobcat.png'),
  (65, 'Bobcat I', 'Fully automatic SMG with high fire rate but low accuracy.', 'Epic', 3, NULL, 'https://cdn.arctracker.io/items/bobcat.png'),
  (66, 'Bobcat II', 'Fully automatic SMG with high fire rate but low accuracy.', 'Epic', 3, NULL, 'https://cdn.arctracker.io/items/bobcat.png'),
  (67, 'Bobcat III', 'Fully automatic SMG with high fire rate but low accuracy.', 'Epic', 3, NULL, 'https://cdn.arctracker.io/items/bobcat.png'),
  (68, 'Bobcat IV', 'Fully automatic SMG with high fire rate but low accuracy.', 'Epic', 3, NULL, 'https://cdn.arctracker.io/items/bobcat.png'),
  (69, 'Bombardier Cell', 'Can be recycled into crafting materials.', 'Epic', 8, 1, 'https://cdn.arctracker.io/items/bombardier_cell.png'),
  (70, 'Breathtaking Snow Globe', 'The envy of every Speranzan. Proof that this world was once thriving and magical.', 'Epic', 9, 9, 'https://cdn.arctracker.io/items/breathtaking_snow_globe.png'),
  (71, 'Broken Flashlight', 'Can be recycled into crafting materials.', 'Rare', 8, 10, 'https://cdn.arctracker.io/items/broken_flashlight.png'),
  (72, 'Broken Guidance System', 'Can be recycled into crafting materials.', 'Rare', 8, 11, 'https://cdn.arctracker.io/items/broken_guidance_system.png'),
  (73, 'Broken Handheld Radio', 'Can be recycled into crafting materials.', 'Rare', 8, 10, 'https://cdn.arctracker.io/items/broken_handheld_radio.png'),
  (74, 'Broken Taser', 'Can be recycled into crafting materials.', 'Rare', 8, 10, 'https://cdn.arctracker.io/items/broken_taser.png'),
  (75, 'Buried City Hospital Key', 'A key to areas within the Buried City Hospital.', 'Rare', 7, NULL, 'https://cdn.arctracker.io/items/buried_city_hospital_key.png'),
  (76, 'Buried City JKV Employee Access Card', 'An employee access card for JKV facilities in Buried City.', 'Uncommon', 7, NULL, 'https://cdn.arctracker.io/items/buried_city_jkv_employee_access_card.png'),
  (77, 'Buried City Residential Master Key', 'A master key for residential areas in Buried City.', 'Uncommon', 7, NULL, 'https://cdn.arctracker.io/items/buried_city_residential_master_key.png'),
  (78, 'Buried City Town Hall Key', 'Unlocks the door to the Town Hall in Buried City', 'Epic', 7, NULL, 'https://cdn.arctracker.io/items/buried_city_town_hall_key.png'),
  (79, 'Burletta Blueprint', 'A blueprint to craft the Burletta weapon.', 'Common', 9, NULL, 'https://cdn.arctracker.io/items/burletta.png'),
  (80, 'Burletta I', 'Semi-automatic pistol with decent damage output and accuracy. Can be fired as fast as you can pull the trigger.', 'Uncommon', 3, NULL, 'https://cdn.arctracker.io/items/burletta.png'),
  (81, 'Burletta II', 'Semi-automatic pistol with decent damage output and accuracy. Can be fired as fast as you can pull the trigger.', 'Uncommon', 3, NULL, 'https://cdn.arctracker.io/items/burletta.png'),
  (82, 'Burletta III', 'Semi-automatic pistol with decent damage output and accuracy. Can be fired as fast as you can pull the trigger.', 'Uncommon', 3, NULL, 'https://cdn.arctracker.io/items/burletta.png'),
  (83, 'Burletta IV', 'Semi-automatic pistol with decent damage output and accuracy. Can be fired as fast as you can pull the trigger.', 'Uncommon', 3, NULL, 'https://cdn.arctracker.io/items/burletta.png'),
  (84, 'Burned Arc Circuitry', 'Can be recycled into crafting materials.', 'Uncommon', 8, 1, 'https://cdn.arctracker.io/items/burned_arc_circuitry.png'),
  (85, 'Burnt-Out Candles', 'After the grid fell candles became the preferred source of light for many. Unlike electricity, a good old candle will never fail you. Unless it\'s windy. Or raining. Or...', 'Common', 9, 12, 'https://cdn.arctracker.io/items/burnt_out_candles.png'),
  (86, 'Camera Lens', 'Can be recycled into crafting materials.', 'Uncommon', 8, 10, 'https://cdn.arctracker.io/items/camera_lens.png'),
  (87, 'Candle Holder', 'Can be recycled into crafting materials.', 'Uncommon', 8, 5, 'https://cdn.arctracker.io/items/candle_holder.png'),
  (88, 'Candleberries', 'A waxy berry that grows only during a small window each year. People have depended on them to make candles, foods and medicine for ages.', 'Rare', 9, 4, 'https://cdn.arctracker.io/items/candleberries.png'),
  (89, 'Canister', 'Used to craft a wide range of items. Can be recycled into plastic. Used to craft: Bettina, Vita Spray, Heavy Fuze Grenade, Smoke Grenade', 'Uncommon', 8, 13, 'https://cdn.arctracker.io/items/canister.png'),
  (90, 'Canto Blueprint', 'Fully automatic submachine gun with a larger caliber.', 'Common', 9, NULL, NULL),
  (91, 'Canto I', 'Fully automatic submachine gun with a larger caliber.', 'Legendary', 3, NULL, NULL),
  (92, 'Canto II', 'Fully automatic submachine gun with a larger caliber.', 'Legendary', 3, NULL, NULL),
  (93, 'Canto III', 'Fully automatic submachine gun with a larger caliber.', 'Legendary', 3, NULL, NULL),
  (94, 'Canto IV', 'Fully automatic submachine gun with a larger caliber.', 'Legendary', 3, NULL, NULL),
  (95, 'Cat Bed', 'At least a tiny bit more comfortable than your face.', 'Uncommon', 9, 8, 'https://cdn.arctracker.io/items/cat_bed.png'),
  (96, 'Celeste\'s Journal', 'Battered and torn, you can see the faint outline of doodles along the edges.', 'Common', 9, NULL, 'https://cdn.arctracker.io/items/celestes_journal.png'),
  (97, 'Chemicals', 'Used to craft medical supplies, explosives, and utility items. Used to craft: Heavy Ammo, Medium Ammo, Shotgun Ammo, Light Ammo, Light Impact Grenade', 'Common', 8, 14, 'https://cdn.arctracker.io/items/chemicals.png'),
  (98, 'Coffee Pot', 'The power to face a new day, one cup at a time.', 'Common', 9, 5, 'https://cdn.arctracker.io/items/coffee_pot.png'),
  (99, 'Combat Mk. 1', 'Basic combat augment. Supports stronger shields, but with limited backpack capacity and Quick Use slots.', 'Uncommon', 1, NULL, 'https://cdn.arctracker.io/items/combat_i.png'),
  (100, 'Combat Mk. 2', 'A Combat augment more focused on maneuverability than absorbing damage.', 'Rare', 1, NULL, 'https://cdn.arctracker.io/items/combat_i.png'),
  (101, 'Combat Mk. 3 (Aggressive)', 'An improved version of the Combat II augment. Supports more shield types, and comes with extra space for grenades.', 'Epic', 1, NULL, 'https://cdn.arctracker.io/items/combat_mk3_aggressive.png'),
  (102, 'Combat Mk. 3 (Aggressive) Blueprint', 'An improved version of the Combat II augment. Supports more shield types, and comes with extra space for grenades.', 'Common', 9, NULL, 'https://cdn.arctracker.io/items/combat_mk3_aggressive.png'),
  (103, 'Combat Mk. 3 (Flanking)', 'An improved version of the Combat II augment. Designed for flanking maneuvers with enhanced mobility.', 'Epic', 1, NULL, 'https://cdn.arctracker.io/items/combat_mk3_flanking.png'),
  (104, 'Combat Mk. 3 (Flanking) Blueprint', 'An improved version of the Combat II augment. Designed for flanking maneuvers with enhanced mobility.', 'Common', 9, NULL, 'https://cdn.arctracker.io/items/combat_mk3_flanking.png'),
  (105, 'Comet Igniter', 'Can be recycled into crafting materials.', 'Rare', 8, 1, 'https://cdn.arctracker.io/items/comet_igniter.png'),
  (106, 'Compensator I', 'Slightly reduces per-shot dispersion. Compatible with: Arpeggio, Ferro, Renegade, Anvil, Stitcher', 'Common', 5, NULL, 'https://cdn.arctracker.io/items/compensator_i.png'),
  (107, 'Compensator II', 'Moderately reduces per-shot dispersion. Compatible with: Arpeggio, Ferro, Renegade, Anvil, Stitcher', 'Uncommon', 5, NULL, 'https://cdn.arctracker.io/items/compensator_ii.png'),
  (108, 'Compensator II Blueprint', 'Moderately reduces per-shot dispersion.', 'Common', 9, NULL, 'https://cdn.arctracker.io/items/compensator_ii_blueprint.png'),
  (109, 'Compensator III', 'Moderately reduces per-shot dispersion. Compatible with: Arpeggio, Ferro, Renegade, Anvil, Stitcher', 'Rare', 5, NULL, 'https://cdn.arctracker.io/items/compensator_ii.png'),
  (110, 'Compensator III Blueprint', 'Moderately reduces per-shot dispersion. Compatible with: Arpeggio, Ferro, Renegade, Anvil, Stitcher', 'Common', 9, NULL, 'https://cdn.arctracker.io/items/compensator_iii.png'),
  (111, 'Complex Gun Parts', 'Used to craft advanced weapons. Used to craft: Equalizer, Jupiter', 'Epic', 8, 10, 'https://cdn.arctracker.io/items/complex_gun_parts.png'),
  (112, 'Complex Gun Parts Blueprint', 'Used to craft advanced weapons.', 'Common', 9, NULL, 'https://cdn.arctracker.io/items/complex_gun_parts_blueprint.png'),
  (113, 'Coolant', 'Can be recycled into crafting materials.', 'Rare', 8, 3, 'https://cdn.arctracker.io/items/coolant.png'),
  (114, 'Cooling Coil', 'Can be recycled into crafting materials.', 'Rare', 8, 15, 'https://cdn.arctracker.io/items/cooling_coil.png'),
  (115, 'Cooling Fan', 'Can be recycled into crafting materials.', 'Rare', 8, 16, 'https://cdn.arctracker.io/items/cooling_fan.png'),
  (116, 'Cracked Bioscanner', 'Can be recycled into crafting materials.', 'Rare', 8, 6, 'https://cdn.arctracker.io/items/cracked_bioscanner.png'),
  (117, 'Crude Explosives', 'Used to craft explosives. Can be recycled into crafting materials. Used to craft: Launcher Ammo, Explosive Compound, Snap Blast Grenade, Shrapnel Grenade, Trigger \'Nade', 'Uncommon', 8, 17, 'https://cdn.arctracker.io/items/crude_explosives.png'),
  (118, 'Crumpled Plastic Bottle', 'Can be recycled into crafting materials.', 'Uncommon', 8, 5, 'https://cdn.arctracker.io/items/crumpled_plastic_bottle.png'),
  (119, 'Dam Control Tower Key', 'Unlocks a door to the Control Tower on Dam Battlegrounds.', 'Epic', 7, NULL, 'https://cdn.arctracker.io/items/dam_control_tower_key.png'),
  (120, 'Dam Controlled Access Zone Key', 'Unlocks a door to the Controlled Access Zone on Dam Battlegrounds.', 'Epic', 7, NULL, 'https://cdn.arctracker.io/items/dam_testing_annex_key.png'),
  (121, 'Dam Staff Room Key', 'A key to the staff room in The Dam.', 'Uncommon', 7, NULL, 'https://cdn.arctracker.io/items/dam_staff_room_key.png'),
  (122, 'Dam Surveillance Key', 'Unlocks a door in the Water Treatment Control building on Dam Battlegrounds.', 'Uncommon', 7, NULL, 'https://cdn.arctracker.io/items/dam_surveillance_key.png'),
  (123, 'Dam Testing Annex Key', 'Unlocks a door in the Testing Annex on Dam Battlegrounds.', 'Rare', 7, NULL, 'https://cdn.arctracker.io/items/dam_testing_annex_key.png'),
  (124, 'Dam Utility Key', 'A key for utility access in The Dam.', 'Uncommon', 7, NULL, 'https://cdn.arctracker.io/items/dam_utility_key.png'),
  (125, 'Damaged ARC Motion Core', 'Can be recycled into crafting materials.', 'Uncommon', 8, 1, 'https://cdn.arctracker.io/items/damaged_arc_motion_core.png'),
  (126, 'Damaged ARC Powercell', 'Can be recycled into crafting materials.', 'Common', 8, 1, 'https://cdn.arctracker.io/items/damaged_arc_powercell.png'),
  (127, 'Damaged Fireball Burner', 'Can be recycled into crafting materials.', 'Common', 8, 1, 'https://cdn.arctracker.io/items/damaged_fireball_burner.png'),
  (128, 'Damaged Heat Sink', 'Can be recycled into crafting materials.', 'Rare', 8, 16, 'https://cdn.arctracker.io/items/damaged_heat_sink.png'),
  (129, 'Damaged Hornet Driver', 'Can be recycled into crafting materials.', 'Common', 8, 1, 'https://cdn.arctracker.io/items/damaged_hornet_driver.png'),
  (130, 'Damaged Rocketeer Driver', 'Can be recycled into crafting materials.', 'Common', 8, 1, 'https://cdn.arctracker.io/items/damaged_rocketeer_driver.png'),
  (131, 'Damaged Snitch Scanner', 'Can be recycled into crafting materials.', 'Common', 8, 1, 'https://cdn.arctracker.io/items/damaged_snitch_scanner.png'),
  (132, 'Damaged Tick Pod', 'Can be recycled into crafting materials.', 'Common', 8, 1, 'https://cdn.arctracker.io/items/damaged_tick_pod.png'),
  (133, 'Damaged Wasp Driver', 'Can be recycled into crafting materials.', 'Common', 8, 1, 'https://cdn.arctracker.io/items/damaged_wasp_driver.png'),
  (134, 'Dart Board', 'Some Raiders use it to practice dexterity. Others just like throwing things at other things.', 'Uncommon', 9, 8, 'https://cdn.arctracker.io/items/dart_board.png'),
  (135, 'Deadline', 'A mine that deals damage to anything within its radius once the timer runs out.', 'Epic', 6, NULL, 'https://cdn.arctracker.io/items/deadline.png'),
  (136, 'Deadline Blueprint', 'Unlocks the ability to craft Deadline mines at the explosives bench.', 'Common', 9, NULL, 'https://cdn.arctracker.io/items/deadline.png'),
  (137, 'Defibrillator', 'An injection that quickly revives downed raiders and restores some health.', 'Rare', 6, NULL, 'https://cdn.arctracker.io/items/defibrillator.png'),
  (138, 'Defibrillator Blueprint', 'An injection that quickly revives downed raiders and restores some health.', 'Common', 9, NULL, 'https://cdn.arctracker.io/items/defibrillator.png'),
  (139, 'Deflated Football', 'Just by looking at this, you too start to feel slightly deflated.', 'Uncommon', 8, 5, 'https://cdn.arctracker.io/items/deflated_football.png'),
  (140, 'Degraded ARC Rubber', 'Obtained from ARC enemies or activities. Can be recycled into rubber.', 'Uncommon', 8, 1, 'https://cdn.arctracker.io/items/degraded_arc_rubber.png'),
  (141, 'Diving Goggles', 'Can be recycled into crafting materials.', 'Rare', 8, 5, 'https://cdn.arctracker.io/items/diving_goggles.png'),
  (142, 'Dodger\'s Note', '', 'Common', 9, NULL, NULL),
  (143, 'Dog Collar', 'After all this time, you can still smell the goodness.', 'Rare', 8, 5, 'https://cdn.arctracker.io/items/dog_collar.png'),
  (144, 'Dolabra', 'An experimental weapon that can either fire a wide short range blast, or be focused to fire a tight medium range beam of heat.', 'Legendary', 3, NULL, NULL),
  (145, 'Dolabra Blueprint', 'An experimental weapon that can either fire a wide short range blast, or be focused to fire a tight medium range beam of heat.', 'Common', 9, NULL, NULL),
  (146, 'Doodly Duck', 'Everything is a canvas to a creative child. Can be thrown to create noise.', 'Rare', 9, NULL, 'https://cdn.arctracker.io/items/doodly_duck.png'),
  (147, 'Door Blocker', 'A locking mechanism that can be placed on large metal doors to limit access.', 'Common', 6, NULL, 'https://cdn.arctracker.io/items/door_blocker.png'),
  (148, 'Dried-Out ARC Resin', 'Obtained from ARC enemies or activities. Can be recycled into plastic.', 'Uncommon', 8, 1, 'https://cdn.arctracker.io/items/dried_out_arc_resin.png'),
  (149, 'Duct Tape', 'Used to craft a wide range of items. Can be recycled into crafting materials. Used to craft: Stable Stock I, Vertical Grip I, Angled Grip I, Vertical Grip II, Angled Grip II', 'Uncommon', 8, 8, 'https://cdn.arctracker.io/items/duct_tape.png'),
  (150, 'Durable Cloth', 'Used to craft medical supplies. Used to craft: Herbal Bandage, Sterilized Bandage', 'Uncommon', 8, 18, 'https://cdn.arctracker.io/items/durable_cloth.png'),
  (151, 'Dusty Film Reel', 'An old film reel covered in dust. Might have been something worth watching.', 'Common', 9, NULL, NULL),
  (152, 'Electrical Components', 'Used to craft a wide range of items. Can be recycled into crafting materials. Used to craft: Tactical Mk. 2, Combat Mk. 2, Looting Mk. 2, Surge Shield Recharger, Lure Grenade', 'Uncommon', 8, 2, 'https://cdn.arctracker.io/items/electrical_components.png'),
  (153, 'Empty Wine Bottle', 'Yes, it really is empty.', 'Common', 9, 8, 'https://cdn.arctracker.io/items/empty_wine_bottle.png'),
  (154, 'Energy Clip', 'Compatible with: Equalizer, Jupiter', 'Rare', 4, NULL, 'https://cdn.arctracker.io/items/energy_clip.png'),
  (155, 'Equalizer', 'A high capacity experimental beam rifle.', 'Legendary', 9, NULL, 'https://cdn.arctracker.io/items/equalizer.png'),
  (156, 'Equalizer Blueprint', 'A high capacity experimental beam rifle.', 'Common', 9, NULL, 'https://cdn.arctracker.io/items/equalizer.png'),
  (157, 'Espresso Machine Parts', '', 'Common', 9, NULL, 'https://cdn.arctracker.io/items/espresso_machine_parts.png'),
  (158, 'ESR Analyzer', 'A portable analyzer from the world before, complete with several spare tubes.', 'Common', 9, NULL, 'https://cdn.arctracker.io/items/esr_analyzer.png'),
  (159, 'Exodus Modules', 'Used to craft a wide range of items. Used to craft: Tempest, Vulcano, Hullcracker, Bobcat, Snap Hook', 'Epic', 8, 11, 'https://cdn.arctracker.io/items/exodus_modules.png'),
  (160, 'Experimental Seed Sample', 'A cryogenically frozen research sample of an experimental crop.', 'Common', 9, NULL, 'https://cdn.arctracker.io/items/experimental_seed_sample.png'),
  (161, 'Expired Pasta', 'Way pasta its prime. Can (reluctantly) be consumed to restore small amounts of health.', 'Common', 9, 19, 'https://cdn.arctracker.io/items/expired_pasta.png'),
  (162, 'Expired Respirator', 'The filters are clogged with sand and noxious fumes. Long past its lifespan.', 'Rare', 8, 6, 'https://cdn.arctracker.io/items/expired_respirator.png'),
  (163, 'Explosive Compound', 'Used to craft explosives. Used to craft: Wolfpack, Explosive Mine, Blaze Grenade, Heavy Fuze Grenade', 'Rare', 8, 17, 'https://cdn.arctracker.io/items/explosive_compound.png'),
  (164, 'Explosive Mine', 'A proximity-triggered explosive device that detonates when enemies approach.', 'Rare', 6, NULL, 'https://cdn.arctracker.io/items/explosive_mine.png'),
  (165, 'Explosive Mine Blueprint', 'A proximity-triggered explosive device that detonates when enemies approach.', 'Common', 9, NULL, 'https://cdn.arctracker.io/items/explosive_mine.png'),
  (166, 'Extended Barrel', 'Moderately increases bullet velocity. Compatible with: Tempest, Arpeggio, Ferro, Renegade, Anvil', 'Epic', 5, NULL, 'https://cdn.arctracker.io/items/extended_barrel.png'),
  (167, 'Extended Barrel Blueprint', 'Moderately increases bullet velocity. Compatible with: Tempest, Arpeggio, Ferro, Renegade, Anvil', 'Common', 9, NULL, 'https://cdn.arctracker.io/items/extended_barrel.png'),
  (168, 'Extended Light Mag I', 'Slightly extends the ammo capacity of compatible weapons that use light ammo. Compatible with: Kettle, Burletta, Hairpin, Bobcat, Stitcher', 'Common', 5, NULL, 'https://cdn.arctracker.io/items/extended_light_mag_i.png'),
  (169, 'Extended Light Mag II', 'Moderately extends the ammo capacity of compatible weapons that use light ammo. Compatible with: Stitcher, Kettle, Burletta, Hairpin, Bobcat', 'Uncommon', 5, NULL, 'https://cdn.arctracker.io/items/extended_light_mag_ii.png'),
  (170, 'Extended Light Mag II Blueprint', 'Moderately extends the ammo capacity of compatible weapons that use light ammo.', 'Common', 9, NULL, 'https://cdn.arctracker.io/items/extended_light_mag_ii.png'),
  (171, 'Extended Light Mag III', 'Significantly extends the ammo capacity of compatible weapons that use light ammo.', 'Rare', 5, NULL, 'https://cdn.arctracker.io/items/extended_light_mag_iii.png'),
  (172, 'Extended Light Mag III Blueprint', 'Significantly extends the ammo capacity of compatible weapons that use light ammo.', 'Common', 9, NULL, 'https://cdn.arctracker.io/items/extended_light_mag_iii.png'),
  (173, 'Extended Medium Mag I', 'Moderately extends the ammo capacity of compatible weapons that use medium ammo. Compatible with: Arpeggio, Renegade, Venator, Tempest, Torrente', 'Common', 5, NULL, 'https://cdn.arctracker.io/items/extended_medium_mag_i.png'),
  (174, 'Extended Medium Mag II', 'Moderately extends the ammo capacity of compatible weapons that use medium ammo. Compatible with: Arpeggio, Renegade, Venator, Tempest, Torrente', 'Uncommon', 5, NULL, 'https://cdn.arctracker.io/items/extended_medium_mag_ii.png'),
  (175, 'Extended Medium Mag II Blueprint', 'Moderately extends the ammo capacity of compatible weapons that use medium ammo.', 'Common', 9, NULL, 'https://cdn.arctracker.io/items/extended_medium_mag_ii_blueprint.png'),
  (176, 'Extended Medium Mag III', 'Significantly extends the ammo capacity of compatible weapons that use medium ammo. Compatible with: Arpeggio, Renegade, Venator, Tempest, Torrente', 'Rare', 5, NULL, 'https://cdn.arctracker.io/items/extended_medium_mag_iii.png'),
  (177, 'Extended Medium Mag III Blueprint', 'Significantly extends the ammo capacity of compataible weapons that use medium ammo.', 'Common', 9, NULL, 'https://cdn.arctracker.io/items/extended_medium_mag_iii.png'),
  (178, 'Extended Shotgun Mag I', 'Slightly extends the ammo capacity of shotguns. Compatible with: Il Toro, Vulcano', 'Common', 5, NULL, 'https://cdn.arctracker.io/items/extended_shotgun_mag_i.png'),
  (179, 'Extended Shotgun Mag II', 'Moderately extends the ammo capacity of shotguns. Compatible with: Il Toro, Vulcano', 'Uncommon', 5, NULL, 'https://cdn.arctracker.io/items/extended_shotgun_mag_ii.png'),
  (180, 'Extended Shotgun Mag II Blueprint', 'Moderately extends the ammo capacity of shotguns.', 'Common', 9, NULL, 'https://cdn.arctracker.io/items/extended_shotgun_mag_ii.png'),
  (181, 'Extended Shotgun Mag III', 'Significantly extends the ammo capacity of shotguns. Compatible with: Il Toro, Vulcano', 'Rare', 5, NULL, 'https://cdn.arctracker.io/items/extended_shotgun_mag_iii.png'),
  (182, 'Extended Shotgun Mag III Blueprint', 'Significantly extends the ammo capacity of shotguns.', 'Common', 9, NULL, 'https://cdn.arctracker.io/items/extended_shotgun_mag_iii.png'),
  (183, 'Fabric', 'Used to craft medical supplies and shields. Can be used to slowly restore small amounts of health.', 'Common', 8, 20, 'https://cdn.arctracker.io/items/fabric.png'),
  (184, 'Faded Photograph', 'A snapshot of the world before, faded by sunlight and time.', 'Common', 9, 5, 'https://cdn.arctracker.io/items/faded_photograph.png'),
  (185, 'Familiar Duck', 'Unlike the real one, this one fits in your pack. Can be thrown to create noise.', 'Epic', 9, NULL, 'https://cdn.arctracker.io/items/familiar_duck.png'),
  (186, 'Ferro I', 'Packs a punch, but must be reloaded between every shot.', 'Common', 3, NULL, 'https://cdn.arctracker.io/items/ferro.png'),
  (187, 'Ferro II', 'Packs a punch, but must be reloaded between every shot.', 'Common', 3, NULL, 'https://cdn.arctracker.io/items/ferro.png'),
  (188, 'Ferro III', 'Packs a punch, but must be reloaded between every shot.', 'Common', 3, NULL, 'https://cdn.arctracker.io/items/ferro.png'),
  (189, 'Ferro IV', 'Packs a punch, but must be reloaded between every shot.', 'Common', 3, NULL, 'https://cdn.arctracker.io/items/ferro.png'),
  (190, 'Fertilizer', 'May be worth a few coins.', 'Uncommon', 9, 4, 'https://cdn.arctracker.io/items/fertilizer.png'),
  (191, 'Film Reel', 'May be worth a few coins.', 'Rare', 9, 21, 'https://cdn.arctracker.io/items/film_reel.png'),
  (192, 'Fine Wristwatch', 'Perfect for telling the time, and showcasing that you\'re an exceedingly dignified person.', 'Rare', 9, 8, 'https://cdn.arctracker.io/items/fine_wristwatch.png'),
  (193, 'Fireball Burner', 'Can be recycled into ARC Alloy. Can be thrown to create small fires.', 'Uncommon', 8, 1, 'https://cdn.arctracker.io/items/fireball_burner.png'),
  (194, 'Firecracker', 'A device that sparks and pops in a pleasant manner.', 'Common', 6, NULL, 'https://cdn.arctracker.io/items/firecracker.png'),
  (195, 'Firefly Burner', 'Can be recycled into crafting materials.', 'Rare', 8, 1, 'https://cdn.arctracker.io/items/firefly_burner.png'),
  (196, 'Fireworks Box', 'A remotely triggered arrangement of dazzling fireworks, sure to put on a show.', 'Rare', 6, NULL, 'https://cdn.arctracker.io/items/fireworks_box.png'),
  (197, 'Fireworks Box Blueprint', 'Unlocks the crafting blueprint for the Fireworks Box.', 'Common', 9, NULL, 'https://cdn.arctracker.io/items/fireworks_box.png'),
  (198, 'First Wave Compass', 'Dusty but functional, these helped chart a course when all seemed lost.', 'Common', 9, NULL, 'https://cdn.arctracker.io/items/first_wave_compass.png'),
  (199, 'First Wave Rations', 'Often heated above discreet fires, these meager provisions are said to have fueled a resistance.', 'Common', 9, NULL, 'https://cdn.arctracker.io/items/first_wave_rations.png'),
  (200, 'First Wave Tape', 'An old tape found inside a battered old camcorder.', 'Common', 9, NULL, 'https://cdn.arctracker.io/items/first_wave_tape.png'),
  (201, 'Flame Spray', 'A classic makeshift weapon, sure to leave scorch marks.', 'Uncommon', 6, NULL, 'https://cdn.arctracker.io/items/flame_spray.png'),
  (202, 'Flashy Duck', 'Lovingly hand-painted by someone of great talent—clearly. Any guesses who? Can be thrown to create noise.', 'Rare', 9, NULL, 'https://cdn.arctracker.io/items/flashy_duck.png'),
  (203, 'Flow Controller', 'Can be recycled into crafting materials.', 'Rare', 8, 11, 'https://cdn.arctracker.io/items/flow_controller.png'),
  (204, 'Flushing Terminal Key', 'This key is used for the quest The Stench of Corruption to activate the Flushing Terminal', 'Common', 9, NULL, 'https://cdn.arctracker.io/items/flushing_terminal_key.png'),
  (205, 'Fossilized Lightning', 'An item that has a chance to spawn after lightning strikes.', 'Epic', 8, 4, 'https://cdn.arctracker.io/items/fossilized_lightning.png'),
  (206, 'Free Loadout Augment', 'Basic augment for rookie Raiders, offering slightly more backpack space and carry capacity.', 'Common', 1, NULL, 'https://cdn.arctracker.io/items/free_loadout_augment.png'),
  (207, 'Frequency Modulation Box', 'Can be recycled into crafting materials.', 'Rare', 8, 11, 'https://cdn.arctracker.io/items/frequency_modulation_box.png'),
  (208, 'Fried Motherboard', 'Can be recycled into crafting materials.', 'Rare', 8, 16, 'https://cdn.arctracker.io/items/fried_motherboard.png'),
  (209, 'Fruit Mix', 'A food item that moderately increases both health and stamina.', 'Uncommon', 6, NULL, 'https://cdn.arctracker.io/items/fruit_mix.png'),
  (210, 'Frying Pan', 'Can be recycled into crafting materials.', 'Rare', 8, 5, 'https://cdn.arctracker.io/items/frying_pan.png'),
  (211, 'Garlic Press', 'It\'ll press garlic, olives, and probably many other things.', 'Uncommon', 8, 8, 'https://cdn.arctracker.io/items/garlic_press.png'),
  (212, 'Gas Grenade', 'A grenade that emits a lingering toxic cloud on impact, draining the stamina of any Raiders within its area of effect.', 'Common', 6, NULL, 'https://cdn.arctracker.io/items/gas_grenade.png'),
  (213, 'Gas Grenade Trap', 'A laser trip wire that detonates a Gas Grenade.', 'Common', 6, NULL, 'https://cdn.arctracker.io/items/gas_grenade_trap.png'),
  (214, 'Gas Mine', 'A proximity-triggered mine that pops up and deploys a gas cloud that rapidly drains stamina.', 'Common', 6, NULL, 'https://cdn.arctracker.io/items/gas_mine.png'),
  (215, 'Gas Mine Blueprint', 'A proximity-triggered mine that pops up and deploys a gas cloud that rapidly drains stamina.', 'Common', 9, NULL, 'https://cdn.arctracker.io/items/gas_mine.png'),
  (216, 'Geiger Counter', 'Can be recycled into crafting materials.', 'Epic', 8, 11, 'https://cdn.arctracker.io/items/geiger_counter.png'),
  (217, 'Gentle Duck', 'Udderly adorable. Can be thrown to create noise.', 'Uncommon', 9, NULL, 'https://cdn.arctracker.io/items/gentle_duck.png'),
  (218, 'Great Mullein', 'Used to craft medical supplies. Used to craft: Herbal Bandage, Antiseptic', 'Uncommon', 8, 4, 'https://cdn.arctracker.io/items/great_mullein.png'),
  (219, 'Green Light Stick', 'A throwable chemical light that illuminates the area around it.', 'Common', 6, NULL, 'https://cdn.arctracker.io/items/green_light_stick.png'),
  (220, 'Green Light Stick Blueprint', 'A throwable chemical light that illuminates the area around it.', 'Common', 9, NULL, 'https://cdn.arctracker.io/items/green_light_stick.png'),
  (221, 'Hairpin I', 'Has a built-in silencer. Great for stealth, but tricky in combat.', 'Common', 3, NULL, 'https://cdn.arctracker.io/items/hairpin_i.png'),
  (222, 'Hairpin II', 'Has a built-in silencer. Great for stealth, but tricky in combat.', 'Common', 3, NULL, 'https://cdn.arctracker.io/items/hairpin_i.png'),
  (223, 'Hairpin III', 'Has a built-in silencer. Great for stealth, but tricky in combat.', 'Common', 3, NULL, 'https://cdn.arctracker.io/items/hairpin_i.png'),
  (224, 'Hairpin IV', 'Has a built-in silencer. Great for stealth, but tricky in combat.', 'Common', 3, NULL, 'https://cdn.arctracker.io/items/hairpin_i.png'),
  (225, 'Headphones', 'Can be recycled into crafting materials.', 'Rare', 8, 8, 'https://cdn.arctracker.io/items/headphones.png'),
  (226, 'Heavy Ammo', 'Compatible with: Ferro, Anvil, Bettina', 'Common', 4, NULL, 'https://cdn.arctracker.io/items/heavy_ammo.png'),
  (227, 'Heavy Fuze Grenade', 'A grenade that detonates after a delay, dealing explosive damage in its radius.', 'Rare', 6, NULL, 'https://cdn.arctracker.io/items/heavy_fuze_grenade.png'),
  (228, 'Heavy Gun Parts', 'Used to craft weapons. Used to craft: Vulcano, Hullcracker, Bettina, Complex Gun Parts', 'Rare', 8, 22, 'https://cdn.arctracker.io/items/heavy_gun_parts.png'),
  (229, 'Heavy Gun Parts Blueprint', 'Used to craft weapons.', 'Common', 9, NULL, 'https://cdn.arctracker.io/items/heavy_gun_parts.png'),
  (230, 'Heavy Shield', 'A heavy shield that blocks a large portion of incoming damage, but carries a significant cost to mobility.', 'Epic', 2, NULL, 'https://cdn.arctracker.io/items/heavy_shield.png'),
  (231, 'Herbal Bandage', 'An improvised medical item that gradually restores health over time.', 'Uncommon', 6, NULL, 'https://cdn.arctracker.io/items/herbal_bandage.png'),
  (232, 'Horizontal Grip', 'Moderately reduces both vertical recoil and horizontal recoil.', 'Epic', 5, NULL, 'https://cdn.arctracker.io/items/horizontal_grip.png'),
  (233, 'Hornet Driver', 'Can be thrown and will briefly stun nearby targets', 'Rare', 8, 1, 'https://cdn.arctracker.io/items/hornet_driver.png'),
  (234, 'Household Cleaner', 'Can be recycled into chemicals.', 'Uncommon', 8, 5, 'https://cdn.arctracker.io/items/household_cleaner.png'),
  (235, 'Hullcracker Blueprint', 'Anti-ARC payloads used mainly by the Hullcracker.', 'Common', 9, NULL, 'https://cdn.arctracker.io/items/hullcracker.png'),
  (236, 'Hullcracker I', 'Fires explosive projectiles that only detonate when hitting ARC.', 'Epic', 9, NULL, 'https://cdn.arctracker.io/items/hullcracker.png'),
  (237, 'Hullcracker II', 'Fires explosive projectiles that only detonate when hitting ARC.', 'Epic', 9, NULL, 'https://cdn.arctracker.io/items/hullcracker.png'),
  (238, 'Hullcracker III', 'Fires explosive projectiles that only detonate when hitting ARC.', 'Epic', 9, NULL, 'https://cdn.arctracker.io/items/hullcracker.png'),
  (239, 'Hullcracker IV', 'Fires explosive projectiles that only detonate when hitting ARC.', 'Epic', 9, NULL, 'https://cdn.arctracker.io/items/hullcracker.png'),
  (240, 'Humidifier', 'Can be recycled into crafting materials.', 'Rare', 8, 5, 'https://cdn.arctracker.io/items/humidifier.png'),
  (241, 'Ice Cream Scooper', 'It is theorized that scooping things was a favorite pastime in the world before.', 'Uncommon', 8, 13, 'https://cdn.arctracker.io/items/ice_cream_scooper.png'),
  (242, 'Il Toro Blueprint', 'Has a large bullet spread, sharp falloff, and high damage output.', 'Common', 9, NULL, 'https://cdn.arctracker.io/items/il_toro.png'),
  (243, 'Il Toro I', 'Pump-action shotgun with large bullet spread, sharp falloff, and high damage output.', 'Uncommon', 3, NULL, 'https://cdn.arctracker.io/items/il_toro.png'),
  (244, 'Il Toro II', 'Pump-action shotgun with large bullet spread, sharp falloff, and high damage output.', 'Uncommon', 3, NULL, 'https://cdn.arctracker.io/items/il_toro.png'),
  (245, 'Il Toro III', 'Pump-action shotgun with large bullet spread, sharp falloff, and high damage output.', 'Uncommon', 3, NULL, 'https://cdn.arctracker.io/items/il_toro.png'),
  (246, 'Il Toro IV', 'Pump-action shotgun with large bullet spread, sharp falloff, and high damage output.', 'Uncommon', 3, NULL, 'https://cdn.arctracker.io/items/il_toro.png'),
  (247, 'Impure ARC Coolant', 'Can be recycled into crafting materials.', 'Uncommon', 8, 1, 'https://cdn.arctracker.io/items/impure_arc_coolant.png'),
  (248, 'Industrial Battery', 'A large, high-capacity battery for industrial equipment.', 'Rare', 8, 15, 'https://cdn.arctracker.io/items/industrial_battery.png'),
  (249, 'Industrial Charger', 'Can be recycled into crafting materials.', 'Rare', 8, 15, 'https://cdn.arctracker.io/items/industrial_charger.png'),
  (250, 'Industrial Magnet', 'Can be recycled into crafting materials.', 'Rare', 8, 15, 'https://cdn.arctracker.io/items/industrial_magnet.png'),
  (251, 'Ion Sputter', 'Can be recycled into crafting materials.', 'Epic', 8, 11, 'https://cdn.arctracker.io/items/ion_sputter.png'),
  (252, 'Jolt Mine', 'A proximity-triggered mine that pops up and stuns anything within its radius.', 'Rare', 6, NULL, 'https://cdn.arctracker.io/items/jolt_mine.png'),
  (253, 'Jolt Mine Blueprint', 'A proximity-triggered mine that pops up and stuns anything within its radius.', 'Common', 9, NULL, 'https://cdn.arctracker.io/items/jolt_mine.png'),
  (254, 'Jupiter', 'A bolt-action sniper rifle with exceptional damage output and accuracy, but slow handling.', 'Legendary', 3, NULL, 'https://cdn.arctracker.io/items/jupiter.png'),
  (255, 'Jupiter Blueprint', 'A bolt-action sniper rifle with exceptional damage output and accuracy, but slow handling.', 'Common', 9, NULL, 'https://cdn.arctracker.io/items/jupiter.png'),
  (256, 'Kettle I', 'Quick and accurate, but has low bullet velocity and takes a long time to reload.', 'Common', 3, NULL, 'https://cdn.arctracker.io/items/kettle.png'),
  (257, 'Kettle II', 'Semi-automatic assault rifle. Quick and accurate, but has low bullet velocity and takes a long time reload.', 'Common', 3, NULL, 'https://cdn.arctracker.io/items/kettle.png'),
  (258, 'Kettle III', 'Quick and accurate, but has low bullet velocity and takes a long time to reload.', 'Common', 3, NULL, 'https://cdn.arctracker.io/items/kettle.png'),
  (259, 'Kettle IV', 'Quick and accurate, but has low bullet velocity and takes a long time to reload.', 'Common', 3, NULL, 'https://cdn.arctracker.io/items/kettle.png'),
  (260, 'Kinetic Converter', 'Moderately increases fire rate. Compatible with: Arpeggio, Rattler, Kettle, Ferro, Renegade', 'Legendary', 5, NULL, 'https://cdn.arctracker.io/items/kinetic_converter.png'),
  (261, 'Laboratory Reagents', 'A set of chemical reagents used in laboratory experiments.', 'Rare', 8, 6, 'https://cdn.arctracker.io/items/laboratory_reagents.png'),
  (262, 'Lance\'s Mixtape (5th Edition)', 'Lance has personally planted a number of these around the Rust Belt, for some reason.', 'Epic', 9, 8, 'https://cdn.arctracker.io/items/lances_mixtape_5th_edition.png'),
  (263, 'Launcher Ammo', 'Anti-ARC payloads used mainly by the Hullcracker. Compatible with: Hullcracker', 'Rare', 4, NULL, 'https://cdn.arctracker.io/items/launcher_ammo.png'),
  (264, 'Leaper Pulse Unit', 'Can be recycled into crafting materials. Can be thrown to create a violent singularity.', 'Epic', 8, 1, 'https://cdn.arctracker.io/items/leaper_pulse_unit.png'),
  (265, 'Lemon', 'Can be consumed for a small amount of stamina.', 'Uncommon', 9, 4, 'https://cdn.arctracker.io/items/lemon.png'),
  (266, 'Book', '', 'Common', 9, NULL, NULL),
  (267, 'Lidar Scanner', 'A laser-based scanner used to detect the subtlest changes to the Earth\'s surface', 'Common', 9, NULL, 'https://cdn.arctracker.io/items/lidar_scanner.png'),
  (268, 'Light Ammo', 'Light bullets used mainly with SMGs and light handguns. Compatible with: Burletta, Stitcher, Kettle, Hairpin, Bobcat', 'Common', 4, NULL, 'https://cdn.arctracker.io/items/light_ammo.png'),
  (269, 'Light Bulb', 'Without light, life underground would be impossible.', 'Uncommon', 9, 2, 'https://cdn.arctracker.io/items/light_bulb.png'),
  (270, 'Light Gun Parts', 'Assorted spare parts used for pistols and SMGs. Used to craft: Bobcat, Complex Gun Parts', 'Rare', 8, 23, 'https://cdn.arctracker.io/items/light_gun_parts.png'),
  (271, 'Light Gun Parts Blueprint', 'Assorted spare parts used for pistols and SMGs.', 'Common', 9, NULL, 'https://cdn.arctracker.io/items/light_gun_parts_blueprint.png'),
  (272, 'Light Impact Grenade', 'A grenade that detonates on impact, dealing explosive damage in a small radius.', 'Common', 6, NULL, 'https://cdn.arctracker.io/items/light_impact_grenade.png'),
  (273, 'Light Shield', 'A lightweight shield that blocks a small portion of incoming damage without impacting mobility.', 'Uncommon', 2, NULL, 'https://cdn.arctracker.io/items/light_shield.png'),
  (274, 'Lightweight Stock', 'Moderately improves ADS & draw speed. Compatible with: Arpeggio, Kettle, Ferro, Renegade, Hullcracker', 'Epic', 5, NULL, 'https://cdn.arctracker.io/items/lightweight_stock.png'),
  (275, 'Lightweight Stock Blueprint', 'Moderately improves ADS & draw speed.', 'Common', 9, NULL, 'https://cdn.arctracker.io/items/lightweight_stock_blueprint.png'),
  (276, 'Li\'l Smoke Grenade', 'A grenade that pops a thick but small smoke cloud on impact, blocking visibility from ARC and other Raiders.', 'Common', 6, NULL, 'https://cdn.arctracker.io/items/lil_smoke_grenade.png'),
  (277, 'Looting Mk. 1', 'Basic looting augment. More backpack slots and weight capacity, but low defensive and tactical capability.', 'Uncommon', 1, NULL, 'https://cdn.arctracker.io/items/looting_mk1.png'),
  (278, 'Looting Mk. 2', 'Significantly increases looting potential; adds slots for trinkets. Automatically throws off attached Ticks after 0.5s.', 'Rare', 1, NULL, 'https://cdn.arctracker.io/items/looting_mk2.png'),
  (279, 'Looting Mk. 3 (Cautious)', 'A looting augment that swaps some carry capacity to increase survivability. Upon Shield break, automatically administers a weak Adrenaline Shot. Has a fixed cooldown.', 'Epic', 1, NULL, 'https://cdn.arctracker.io/items/looting_mk3_cautious.png'),
  (280, 'Looting Mk. 3 (Safekeeper)', 'A looting augment that trades weight and utility for increased looting potential. A Safe Pocket that allows any items to be stored.', 'Epic', 1, NULL, 'https://cdn.arctracker.io/items/looting_mk3_safekeeper.png'),
  (281, 'Looting Mk. 3 (Safekeeper) Blueprint', 'A looting augment that trades weight and utility for increased looting potential. A Safe Pocket that allows any items to be stored.', 'Common', 9, NULL, 'https://cdn.arctracker.io/items/looting_mk3_safekeeper.png'),
  (282, 'Looting Mk. 3 (Survivor)', 'A heavy-duty pack mule augment. Large weight capacity and large backpack space. While downed and stationary, health regenerates up to 75% of max downed health.', 'Epic', 1, NULL, 'https://cdn.arctracker.io/items/looting_mk3_survivor.png'),
  (283, 'Looting Mk. 3 (Survivor) Blueprint', 'A heavy-duty pack mule augment. Large weight capacity and large backpack space.', 'Common', 9, NULL, 'https://cdn.arctracker.io/items/looting_mk3_survivor_blueprint.png'),
  (284, 'Lure Grenade', 'A noise device that sticks to surfaces, distracting nearby ARC machines and drawing their fire.', 'Uncommon', 6, NULL, 'https://cdn.arctracker.io/items/lure_grenade.png'),
  (285, 'Lure Grenade Blueprint', 'A noisy device that sticks to surfaces, distracting nearby ARC machines and drawing their fire.', 'Common', 9, NULL, 'https://cdn.arctracker.io/items/lure_grenade.png'),
  (286, 'Lure Grenade Trap', 'A laser trip wire that detonates a Lure Grenade.', 'Uncommon', 6, NULL, 'https://cdn.arctracker.io/items/lure_grenade_trap.png'),
  (287, 'Magnet', 'Used to craft a wide range of items. Can be recycled into crafting materials.', 'Uncommon', 8, 11, 'https://cdn.arctracker.io/items/magnet.png'),
  (288, 'Magnetic Accelerator', 'Used to craft advanced weapons. Used to craft: Tempest, Equalizer, Vulcano, Jupiter, Hullcracker', 'Epic', 8, 11, 'https://cdn.arctracker.io/items/magnetic_accelerator.png'),
  (289, 'Magnetron', 'Can be recycled into crafting materials.', 'Epic', 8, 11, 'https://cdn.arctracker.io/items/magnetron.png'),
  (290, 'Major Aiva\'s Mementos', '', 'Common', 9, NULL, 'https://cdn.arctracker.io/items/major_aivas_mementos.png'),
  (291, 'Major Aiva\'s Patch', 'A torn patch, found amidst rubble and ruin.', 'Common', 9, NULL, 'https://cdn.arctracker.io/items/major_aivas_patch.png'),
  (292, 'Matriarch Reactor', 'Can be recycled into crafting materials.', 'Legendary', 8, NULL, 'https://cdn.arctracker.io/items/matriarch_reactor.png'),
  (293, 'Mechanical Components', 'Used to craft a wide range of items. Can be recycled into crafting materials. Used to craft: Il Toro, Burletta, Anvil, Muzzle Brake II, Extended Medium Mag II', 'Uncommon', 8, 3, 'https://cdn.arctracker.io/items/mechanical_components.png'),
  (294, 'Medium Ammo', 'Compatible with: Rattler, Tempest, Arpeggio, Renegade, Torrente', 'Common', 4, NULL, 'https://cdn.arctracker.io/items/medium_ammo.png'),
  (295, 'Medium Gun Parts', 'Assorted spare parts used for rifles. Used to craft: Torrente, Venator, Osprey, Renegade, Tempest', 'Rare', 8, 23, 'https://cdn.arctracker.io/items/medium_gun_parts.png'),
  (296, 'Medium Gun Parts Blueprint', 'Assorted spare parts used for rifles.', 'Common', 9, NULL, 'https://cdn.arctracker.io/items/medium_gun_parts_blueprint.png'),
  (297, 'Medium Shield', 'A standard shield that blocks a medium portion of incoming damage at a moderate cost to mobility.', 'Rare', 2, NULL, 'https://cdn.arctracker.io/items/medium_shield.png'),
  (298, 'Metal Brackets', 'Can be recycled into metal parts.', 'Uncommon', 8, 24, 'https://cdn.arctracker.io/items/metal_brackets.png'),
  (299, 'Metal Parts', 'Used to craft a wide range of items.', 'Common', 8, 25, 'https://cdn.arctracker.io/items/metal_parts.png'),
  (300, 'Microscope', 'Can be recycled into crafting materials.', 'Rare', 8, 11, 'https://cdn.arctracker.io/items/microscope.png'),
  (301, 'Mini Centrifuge', 'Can be recycled into crafting materials.', 'Rare', 8, 11, 'https://cdn.arctracker.io/items/mini_centrifuge.png'),
  (302, 'Mod Components', 'Used to craft weapon mods. Can be recycled into crafting materials. Used to craft: Lightweight Stock, Shotgun Choke III, Extended Shotgun Mag III, Padded Stock, Compensator III', 'Rare', 8, 10, 'https://cdn.arctracker.io/items/mod_components.png'),
  (303, 'Moisture Meter', 'A quest item that must be delivered to Tian Wen to complete the Unexpected Initiative quest.', 'Common', 9, NULL, 'https://cdn.arctracker.io/items/moisture_meter.png'),
  (304, 'Moss', 'Can be used to regain a small amount of health.', 'Rare', 8, 4, 'https://cdn.arctracker.io/items/moss.png'),
  (305, 'Motor', 'A small electric motor, useful for various devices.', 'Rare', 8, 3, 'https://cdn.arctracker.io/items/motor.png'),
  (306, 'Mushroom', 'Can be consumed to regain a small amount of health.', 'Uncommon', 9, 4, 'https://cdn.arctracker.io/items/mushroom.png'),
  (307, 'Music Album', 'Perfect for relaxing nights at home, casual get-togethers, and private air guitar concerts.', 'Rare', 9, 8, 'https://cdn.arctracker.io/items/music_album.png'),
  (308, 'Music Box', 'Worth a small fortune.', 'Rare', 9, 26, 'https://cdn.arctracker.io/items/music_box.png'),
  (309, 'Muzzle Brake I', 'Slightly reduces both vertical recoil & horizontal recoil. Compatible with: Rattler, Ferro, Burletta, Stitcher, Tempest', 'Common', 5, NULL, 'https://cdn.arctracker.io/items/muzzle_brake_i.png'),
  (310, 'Muzzle Brake II', 'Moderately reduces both vertical recoil & horizontal recoil. Compatible with: Tempest, Arpeggio, Kettle, Ferro, Renegade', 'Uncommon', 5, NULL, 'https://cdn.arctracker.io/items/muzzle_brake_ii.png'),
  (311, 'Muzzle Brake II Blueprint', 'Moderately reduces both vertical recoil & horizontal recoil.', 'Common', 9, NULL, 'https://cdn.arctracker.io/items/muzzle_brake_ii.png'),
  (312, 'Muzzle Brake III', 'Significantly reduces both vertical recoil & horizontal recoil. Compatible with: Arpeggio, Ferro, Renegade, Anvil, Stitcher', 'Rare', 5, NULL, 'https://cdn.arctracker.io/items/muzzle_brake_iii.png'),
  (313, 'Muzzle Brake III Blueprint', 'Significantly reduces both vertical recoil & horizontal recoil. Compatible with: Arpeggio, Ferro, Renegade, Anvil, Stitcher', 'Common', 9, NULL, 'https://cdn.arctracker.io/items/muzzle_brake_iii.png'),
  (314, 'Noisemaker', 'A deployable proximity sensor that sounds an alarm when enemy raiders are detected.', 'Common', 6, NULL, 'https://cdn.arctracker.io/items/noisemaker.png'),
  (315, 'Number Plate', 'Can be recycled into metal parts.', 'Uncommon', 8, 3, 'https://cdn.arctracker.io/items/number_plate.png'),
  (316, 'Nutrient Meter', 'A quest item that must be delivered to Tian Wen to complete the Unexpected Initiative quest.', 'Common', 9, NULL, 'https://cdn.arctracker.io/items/nutrient_meter.png'),
  (317, 'Official Shutdown Documentation', '', 'Common', 9, NULL, NULL),
  (318, 'Oil', 'Used to craft weapons and explosives. Can be recycled into chemicals. Used to craft: Renegade, Explosive Compound, Blaze Grenade', 'Uncommon', 8, 3, 'https://cdn.arctracker.io/items/oil.png'),
  (319, 'Old World Books', 'The past survives in fragments, often dull or ordinary, yet priceless to the right person.', 'Common', 9, NULL, 'https://cdn.arctracker.io/items/old_world_books.png'),
  (320, 'Olives', 'Can be consumed for a small amount of stamina.', 'Uncommon', 9, 4, 'https://cdn.arctracker.io/items/olives.png'),
  (321, 'Osprey Blueprint', 'Has reliable damage output and accuracy.', 'Common', 9, NULL, 'https://cdn.arctracker.io/items/osprey_blueprint.png'),
  (322, 'Osprey I', 'A scoped bolt-action sniper rifle with reliable damage output and accuracy.', 'Rare', 3, NULL, 'https://cdn.arctracker.io/items/osprey.png'),
  (323, 'Osprey II', 'A scoped bolt-action sniper rifle with reliable damage output and accuracy.', 'Rare', 3, NULL, 'https://cdn.arctracker.io/items/osprey.png'),
  (324, 'Osprey III', 'A scoped bolt-action sniper rifle with reliable damage output and accuracy.', 'Rare', 3, NULL, 'https://cdn.arctracker.io/items/osprey.png'),
  (325, 'Osprey IV', 'A scoped bolt-action sniper rifle with reliable damage output and accuracy.', 'Rare', 3, NULL, 'https://cdn.arctracker.io/items/osprey.png'),
  (326, 'Padded Stock', 'Significantly improves stability. Compatible with: Arpeggio, Rattler, Ferro, Renegade, Torrente', 'Epic', 5, NULL, 'https://cdn.arctracker.io/items/padded_stock.png'),
  (327, 'Padded Stock Blueprint', 'Significantly improves stability. Compatible with: Arpeggio, Rattler, Ferro, Renegade, Torrente', 'Common', 9, NULL, 'https://cdn.arctracker.io/items/padded_stock.png'),
  (328, 'Painted Box', 'May be worth a few coins.', 'Uncommon', 9, 27, 'https://cdn.arctracker.io/items/painted_box.png'),
  (329, 'Patrol Car Key', 'A key to a patrol car.', 'Uncommon', 7, 10, 'https://cdn.arctracker.io/items/patrol_car_key.png'),
  (330, 'Photoelectric Cloak', 'A gadget that allows the user to conceal themselves from ARC.', 'Epic', 6, NULL, 'https://cdn.arctracker.io/items/photoelectric_cloak.png'),
  (331, 'Pilgrim\'s Peak Security Code', 'One of four security codes needed to unlock the Locked Gate on Blue Gate. Found at Pilgrim\'s Peak.', 'Common', 7, NULL, 'https://cdn.arctracker.io/items/security_code.png'),
  (332, 'Plastic Parts', 'Used to craft a wide range of items. Used to craft: Hairpin, Light Shield, Looting Mk. 1, Light Impact Grenade, Extended Shotgun Mag I', 'Common', 8, 28, 'https://cdn.arctracker.io/items/plastic_parts.png'),
  (333, 'Playing Cards', 'Speranzans love to see who can build the tallest tower - before the tremors knock them down.', 'Rare', 9, 8, 'https://cdn.arctracker.io/items/playing_cards.png'),
  (334, 'Polluted Air Filter', 'Can be recycled into crafting components.', 'Rare', 8, 15, 'https://cdn.arctracker.io/items/polluted_air_filter.png'),
  (335, 'Pop Trigger', 'Can be recycled into crafting materials.', 'Uncommon', 8, 1, 'https://cdn.arctracker.io/items/pop_trigger.png'),
  (336, 'Portable TV', 'Can be recycled into crafting materials.', 'Rare', 8, 5, 'https://cdn.arctracker.io/items/portable_tv.png'),
  (337, 'Possibly Toxic Plant', '', 'Common', 9, NULL, 'https://cdn.arctracker.io/items/possibly_toxic_plant.png'),
  (338, 'Poster of Natural Wonders', 'If you stand close and squint your eyes, it\'s like the world never came crumbling down.', 'Uncommon', 9, 8, 'https://cdn.arctracker.io/items/poster_of_natural_wonders.png'),
  (339, 'Pottery', 'May be worth a few coins.', 'Uncommon', 9, 21, 'https://cdn.arctracker.io/items/pottery.png'),
  (340, 'Power Bank', 'Can be recycled into crafting materials.', 'Rare', 8, 29, 'https://cdn.arctracker.io/items/power_bank.png'),
  (341, 'Power Cable', 'A heavy-duty cable used for transmitting electrical power.', 'Rare', 8, 29, 'https://cdn.arctracker.io/items/power_cable.png'),
  (342, 'Power Rod', 'Used in crafting. Used to craft: Heavy Shield, Snap Hook', 'Epic', 8, 11, 'https://cdn.arctracker.io/items/power_rod.png'),
  (343, 'Prickly Pear', 'Can be consumed for a small amount of stamina.', 'Common', 9, 4, 'https://cdn.arctracker.io/items/prickly_pear.png'),
  (344, 'Processor', 'Used in crafting. Used to craft: Tactical Mk. 3 (Defensive), Combat Mk. 3 (Flanking), Combat Mk. 3 (Aggressive), Looting Mk. 3 (Cautious), Tactical Mk. 3 (Healing)', 'Rare', 8, 16, 'https://cdn.arctracker.io/items/processor.png'),
  (345, 'Project Heartwood Blueprints', 'Faded blueprints for something called Project Heartwood. Whatever it was, it never got built.', 'Common', 9, NULL, NULL),
  (346, 'Projector', 'Can be recycled into crafting materials.', 'Rare', 8, 5, 'https://cdn.arctracker.io/items/projector.png'),
  (347, 'Pulse Mine', 'A proximity-triggered mine that pops up and knocks back anything within its radius.', 'Uncommon', 6, NULL, 'https://cdn.arctracker.io/items/pulse_mine.png'),
  (348, 'Pulse Mine Blueprint', 'A proximity-triggered mine that pops up and knocks back anything within its radius.', 'Common', 9, NULL, 'https://cdn.arctracker.io/items/pulse_mine.png'),
  (349, 'Queen Reactor', 'Can be recycled into crafting materials.', 'Legendary', 8, 1, 'https://cdn.arctracker.io/items/queen_part.png'),
  (350, 'Radio', 'Can be recycled into crafting components.', 'Rare', 8, 19, 'https://cdn.arctracker.io/items/radio.png'),
  (351, 'Radio Relay', 'Can be recycled into crafting materials.', 'Rare', 8, 11, 'https://cdn.arctracker.io/items/radio_relay.png'),
  (352, 'Raider Hatch Key', 'Unlocks a Raider Hatch.', 'Rare', 7, NULL, 'https://cdn.arctracker.io/items/raider_hatch_key.png'),
  (353, 'Raider\'s Refuge Security Code', 'One of four security codes needed to unlock the Locked Gate on Blue Gate. Found at Raider\'s Refuge.', 'Common', 7, NULL, 'https://cdn.arctracker.io/items/security_code.png'),
  (354, 'Rattler I', 'Fully automatic assault rifle. A cheap offensive option, but has to be reloaded 2 bullets at a time.', 'Common', 3, NULL, 'https://cdn.arctracker.io/items/rattler.png'),
  (355, 'Rattler II', 'Fully automatic assault rifle. A cheap offensive option, but has to be reloaded 2 bullets at a time.', 'Common', 3, NULL, 'https://cdn.arctracker.io/items/rattler.png'),
  (356, 'Rattler III', 'Fully automatic assault rifle. A cheap offensive option, but has to be reloaded 2 bullets at a time.', 'Common', 3, NULL, 'https://cdn.arctracker.io/items/rattler.png'),
  (357, 'Rattler IV', 'Fully automatic assault rifle. A cheap offensive option, but has to be reloaded 2 bullets at a time.', 'Common', 3, NULL, 'https://cdn.arctracker.io/items/rattler.png'),
  (358, 'Recorder', 'A playable recorder used to attract ARC\'s attention, and impress other Raiders.', 'Uncommon', 6, 5, 'https://cdn.arctracker.io/items/recorder.png'),
  (359, 'Red Coral Jewelry', 'Valued for its fine craftsmanship, and effortless ability to make your eyes pop.', 'Rare', 9, 9, 'https://cdn.arctracker.io/items/red_coral_jewelry.png'),
  (360, 'Red Light Stick', 'A throwable chemical light that illuminates the area around it.', 'Common', 6, NULL, 'https://cdn.arctracker.io/items/red_light_stick.png'),
  (361, 'Red Light Stick Blueprint', 'A throwable chemical light that illuminates the area around it.', 'Common', 9, NULL, 'https://cdn.arctracker.io/items/red_light_stick.png'),
  (362, 'Reinforced Reception Security Code', 'One of four security codes needed to unlock the Locked Gate on Blue Gate. Found at Reinforced Reception.', 'Common', 7, NULL, 'https://cdn.arctracker.io/items/security_code.png'),
  (363, 'Remote Control', 'Can be recycled into crafting materials.', 'Rare', 8, 5, 'https://cdn.arctracker.io/items/remote_control.png'),
  (364, 'Remote Raider Flare', 'A deployable device that, when manually triggered, launches a Raider Distress Flare.', 'Common', 6, NULL, 'https://cdn.arctracker.io/items/remote_raider_flare.png'),
  (365, 'Remote Raider Flare Blueprint', 'A deployable device that, when manually triggered, launches a Raider Distress Flare.', 'Common', 9, NULL, 'https://cdn.arctracker.io/items/remote_raider_flare.png'),
  (366, 'Renegade I', 'Lever-action battle rifle with high damage output, accuracy, and headshot damage.', 'Rare', 3, NULL, 'https://cdn.arctracker.io/items/renegade.png'),
  (367, 'Renegade II', 'Lever-action battle rifle with high damage output, accuracy, and headshot damage.', 'Rare', 3, NULL, 'https://cdn.arctracker.io/items/renegade.png'),
  (368, 'Renegade III', 'Lever-action battle rifle with high damage output, accuracy, and headshot damage.', 'Rare', 3, NULL, 'https://cdn.arctracker.io/items/renegade.png'),
  (369, 'Renegade IV', 'Lever-action battle rifle with high damage output, accuracy, and headshot damage.', 'Rare', 3, NULL, 'https://cdn.arctracker.io/items/renegade.png'),
  (370, 'Resin', 'Can be used to gradually restore a small amount of health over time.', 'Common', 9, 4, 'https://cdn.arctracker.io/items/resin.png'),
  (371, 'Ripped Safety Vest', 'Can be recycled into crafting materials.', 'Uncommon', 8, NULL, 'https://cdn.arctracker.io/items/ripped_safety_vest.png'),
  (372, 'Rocket Thruster', 'Can be recycled into crafting materials.', 'Rare', 8, 11, 'https://cdn.arctracker.io/items/rocket_thruster.png'),
  (373, 'Rocketeer Driver', 'Can be recycled into crafting materials.', 'Epic', 8, 1, 'https://cdn.arctracker.io/items/rocketeer_driver.png'),
  (374, 'Roots', 'May be worth a few coins.', 'Uncommon', 9, 4, 'https://cdn.arctracker.io/items/roots.png'),
  (375, 'Rope', 'Used in crafting. Used to craft: Zipline, Snap Hook', 'Rare', 8, 8, 'https://cdn.arctracker.io/items/rope.png'),
  (376, 'Rosary', 'May be worth a few coins.', 'Rare', 9, 21, 'https://cdn.arctracker.io/items/rosary.png'),
  (377, 'Rotary Encoder', 'Can be recycled into crafting materials.', 'Rare', 8, 11, 'https://cdn.arctracker.io/items/rotary_encoder.png'),
  (378, 'Rubber Duck', 'Always there to lend an ear when you need it. Can be thrown to create noise.', 'Common', 9, NULL, 'https://cdn.arctracker.io/items/rubber_duck.png'),
  (379, 'Rubber Pad', 'Can be recycled into rubber parts.', 'Rare', 8, 2, 'https://cdn.arctracker.io/items/rubber_pad.png'),
  (380, 'Rubber Parts', 'Scrap rubber pieces for crafting. Used to craft: Ferro, Kettle, Looting Mk. 1, Shield Recharger, Stitcher', 'Common', 8, 30, 'https://cdn.arctracker.io/items/rubber_parts.png'),
  (381, 'Ruined Accordion', 'Can be recycled into crafting materials.', 'Rare', 8, 5, 'https://cdn.arctracker.io/items/ruined_accordion.png'),
  (382, 'Ruined Augment', 'Can be recycled into crafting materials.', 'Common', 8, 1, 'https://cdn.arctracker.io/items/ruined_augment.png'),
  (383, 'Ruined Baton', 'Can be recycled into crafting materials', 'Uncommon', 8, 10, 'https://cdn.arctracker.io/items/ruined_baton.png'),
  (384, 'Ruined Handcuffs', 'Can be recycled into crafting materials.', 'Uncommon', 8, 10, 'https://cdn.arctracker.io/items/ruined_handcuffs.png'),
  (385, 'Ruined Parachute', 'Can be recycled into crafting materials.', 'Uncommon', 8, 11, 'https://cdn.arctracker.io/items/ruined_parachute.png'),
  (386, 'Ruined Riot Shield', 'Can be recycled into crafting materials.', 'Rare', 8, 10, 'https://cdn.arctracker.io/items/ruined_riot_shield.png'),
  (387, 'Ruined Tactical Vest', 'Can be recycled into crafting materials.', 'Uncommon', 8, 10, 'https://cdn.arctracker.io/items/ruined_tactical_vest.png'),
  (388, 'Rusted Bolts', 'Can be recycled into metal parts.', 'Uncommon', 8, 31, 'https://cdn.arctracker.io/items/rusted_bolts.png'),
  (389, 'Rusted Gear', 'Can be recycled into crafting materials.', 'Rare', 8, 15, 'https://cdn.arctracker.io/items/rusted_gear.png'),
  (390, 'Rusted Shut Medical Kit', 'A medical kit rusted shut, its contents unknown.', 'Rare', 8, 6, 'https://cdn.arctracker.io/items/rusted_shut_medical_kit.png'),
  (391, 'Rusted Tools', 'A set of tools, rusted but still usable for crafting.', 'Rare', 8, 3, 'https://cdn.arctracker.io/items/rusted_tools.png'),
  (392, 'Rusty ARC Steel', 'Obtained from ARC enemies and activites. Can be recycled into scrap metal.', 'Uncommon', 8, 1, 'https://cdn.arctracker.io/items/rusty_arc_steel.png'),
  (393, 'Sample Cleaner', 'Can be recycled into crafting materials.', 'Rare', 8, 11, 'https://cdn.arctracker.io/items/sample_cleaner.png'),
  (394, 'Scout Patrol Note', '', 'Common', 9, NULL, NULL),
  (395, 'Secret Meeting Info', '', 'Common', 9, NULL, NULL),
  (396, 'Seeker Grenade', 'A homing grenade that targets a single nearby ARC dealing explosive damage on impact.', 'Uncommon', 6, NULL, 'https://cdn.arctracker.io/items/seeker_grenade.png'),
  (397, 'Seeker Grenade Blueprint', 'Unlocks the crafting blueprint for the Seeker Grenade.', 'Common', 9, NULL, 'https://cdn.arctracker.io/items/seeker_grenade.png'),
  (398, 'Sensors', 'Used in crafting. Used to craft: Wolfpack, Explosive Mine, Raider Hatch Key, Tagging Grenade', 'Rare', 8, 32, 'https://cdn.arctracker.io/items/sensors.png'),
  (399, 'Sentinel Firing Core', 'Can be recycled into crafting materials.', 'Rare', 8, 1, 'https://cdn.arctracker.io/items/sentinel_firing_core.png'),
  (400, 'Shaker', 'A rhythmic instrument used to attract ARC\'s attention, and impress other Raiders.', 'Uncommon', 6, 5, 'https://cdn.arctracker.io/items/shaker.png'),
  (401, 'Shield Recharger', 'A handheld kit that gradually recharges shield over time.', 'Uncommon', 6, NULL, 'https://cdn.arctracker.io/items/shield_recharger.png'),
  (402, 'Shotgun Ammo', 'Compatible with: Il Toro, Vulcano', 'Common', 4, NULL, 'https://cdn.arctracker.io/items/shotgun_ammo.png'),
  (403, 'Shotgun Choke I', 'Slightly reduces base dispersion. Compatible with: Il Toro, Vulcano', 'Common', 5, NULL, 'https://cdn.arctracker.io/items/shotgun_choke_i.png'),
  (404, 'Shotgun Choke II', 'Moderately reduces base dispersion. Compatible with: Il Toro, Vulcano', 'Uncommon', 5, NULL, 'https://cdn.arctracker.io/items/shotgun_choke_ii.png'),
  (405, 'Shotgun Choke II Blueprint', 'Moderately reduces base dispersion. Compatible with: Il Toro, Vulcano', 'Common', 9, NULL, 'https://cdn.arctracker.io/items/shotgun_choke_ii.png'),
  (406, 'Shotgun Choke III', 'Significantly reduces base dispersion.', 'Rare', 5, NULL, 'https://cdn.arctracker.io/items/shotgun_choke_iii.png'),
  (407, 'Shotgun Choke III Blueprint', 'Significantly reduces base dispersion.', 'Common', 9, NULL, 'https://cdn.arctracker.io/items/shotgun_choke_iii.png'),
  (408, 'Shotgun Silencer', 'Moderately reduces the amount of noise produced when firing.', 'Epic', 5, NULL, 'https://cdn.arctracker.io/items/shotgun_silencer.png'),
  (409, 'Shotgun Silencer Blueprint', 'Moderately reduces the amount of noise produced when firing.', 'Common', 9, NULL, 'https://cdn.arctracker.io/items/shotgun_silencer.png'),
  (410, 'Showstopper', 'A grenade that detonates after a delay, stunning enemies within its radius.', 'Rare', 6, NULL, 'https://cdn.arctracker.io/items/showstopper.png'),
  (411, 'Showstopper Blueprint', 'A grenade that detonates after a delay, stunning enemies within its radius.', 'Common', 9, NULL, 'https://cdn.arctracker.io/items/showstopper.png'),
  (412, 'Shrapnel Grenade', 'A makeshift fuze grenade that bursts into razor-sharp fragments upon detonation. Weak against ARC armor plating', 'Uncommon', 6, NULL, 'https://cdn.arctracker.io/items/shrapnel_grenade.png'),
  (413, 'Shredder Gyro', 'Can be recycled into crafting materials.', 'Rare', 8, 1, 'https://cdn.arctracker.io/items/shredder_gyro.png'),
  (414, 'Signal Amplifier', 'Can be recycled into crafting materials.', 'Rare', 8, 11, 'https://cdn.arctracker.io/items/signal_amplifier.png'),
  (415, 'Silencer I', 'Slightly reduces the amount of noise produced when firing.', 'Uncommon', 5, NULL, 'https://cdn.arctracker.io/items/silencer_i.png'),
  (416, 'Silencer I Blueprint', 'A blueprint to craft the Silencer I.', 'Common', 9, NULL, 'https://cdn.arctracker.io/items/silencer_i.png'),
  (417, 'Silencer II', 'Moderately reduces the amount of noise produced when firing. Compatible with: Arpeggio, Ferro, Renegade, Anvil, Stitcher', 'Rare', 5, NULL, 'https://cdn.arctracker.io/items/silencer_ii.png'),
  (418, 'Silencer II Blueprint', 'A blueprint to craft the Silencer II.', 'Common', 9, NULL, 'https://cdn.arctracker.io/items/silencer_ii.png'),
  (419, 'Silencer III', 'Significantly reduces the amount of noise produced when firing. Compatible with: Tempest, Arpeggio, Kettle, Ferro, Renegade', 'Epic', 5, NULL, 'https://cdn.arctracker.io/items/silencer_iii.png'),
  (420, 'Silver Teaspoon Set', 'A shining, shimmering set of refinement and elegance.', 'Rare', 9, 9, 'https://cdn.arctracker.io/items/silver_teaspoon_set.png'),
  (421, 'Simple Gun Parts', 'Used to craft weapons. Used to craft: Il Toro, Burletta, Anvil, Arpeggio, Heavy Gun Parts', 'Uncommon', 8, 23, 'https://cdn.arctracker.io/items/simple_gun_parts.png'),
  (422, 'Smoke Grenade', 'A grenade that creates a lingering smoke cloud on impact, blocking visibility from ARC and other Raiders.', 'Rare', 6, NULL, 'https://cdn.arctracker.io/items/smoke_grenade.png'),
  (423, 'Smoke Grenade Blueprint', 'A grenade that creates a lingering smoke cloud on impact, blocking visibility from ARC and other Raiders.', 'Common', 9, NULL, 'https://cdn.arctracker.io/items/smoke_grenade.png'),
  (424, 'Smoke Grenade Trap', 'A laser trip wire that detonates a Smoke Grenade.', 'Rare', 6, NULL, 'https://cdn.arctracker.io/items/smoke_grenade_trap.png'),
  (425, 'Snap Blast Grenade', 'A grenade that sticks to surfaces, dealing explosive damage after a short delay.', 'Uncommon', 6, NULL, 'https://cdn.arctracker.io/items/snap_blast_grenade.png'),
  (426, 'Snap Hook', 'A gadget that allows the user to scale structures and cover large distances.', 'Legendary', 6, NULL, 'https://cdn.arctracker.io/items/snap_hook.png'),
  (427, 'Snap Hook Blueprint', 'A gadget that allows the user to scale structures and cover large distances.', 'Common', 9, NULL, 'https://cdn.arctracker.io/items/snap_hook.png'),
  (428, 'Snitch Scanner', 'Can be recycled into ARC Alloy. Can be thrown to call in ARC.', 'Uncommon', 8, 1, 'https://cdn.arctracker.io/items/snitch_scanner.png'),
  (429, 'Snowball', 'A compact snowball.', 'Common', 6, 4, 'https://cdn.arctracker.io/items/snowball.png'),
  (430, 'Spaceport Container Storage Key', 'A key for container storage at the Spaceport.', 'Rare', 7, NULL, 'https://cdn.arctracker.io/items/spaceport_control_tower_key.png'),
  (431, 'Spaceport Control Tower Key', 'Unlocks a door in Control Tower A6 in Spaceport', 'Rare', 7, NULL, 'https://cdn.arctracker.io/items/spaceport_control_tower_key.png'),
  (432, 'Spaceport Trench Tower Key', 'Unlocks a door to the Trench Towers in Spaceport', 'Uncommon', 7, NULL, 'https://cdn.arctracker.io/items/spaceport_trench_tower_key.png'),
  (433, 'Spaceport Warehouse Key', 'A key to a warehouse in the Spaceport.', 'Uncommon', 7, NULL, 'https://cdn.arctracker.io/items/spaceport_trench_tower_key.png'),
  (434, 'Speaker Component', 'Used in crafting. Used to craft: Lure Grenade, Photoelectric Cloak', 'Rare', 8, 13, 'https://cdn.arctracker.io/items/speaker_component.png'),
  (435, 'Spectrometer', 'Can be recycled into crafting materials.', 'Rare', 8, 11, 'https://cdn.arctracker.io/items/spectrometer.png'),
  (436, 'Spectrum Analyzer', 'Can be recycled into crafting materials.', 'Epic', 8, 11, 'https://cdn.arctracker.io/items/spectrum_analyzer.png'),
  (437, 'Spotter Relay', 'Can be recycled into crafting materials.', 'Uncommon', 8, 1, 'https://cdn.arctracker.io/items/spotter_relay.png'),
  (438, 'Spring Cushion', 'Can be recycled into crafting materials.', 'Rare', 8, 8, 'https://cdn.arctracker.io/items/spring_cushion.png'),
  (439, 'Stable Stock I', 'Slightly improves dispersion & recoil recovery time.', 'Common', 5, NULL, 'https://cdn.arctracker.io/items/stable_stock_i.png'),
  (440, 'Stable Stock II', 'Moderately improves dispersion & recoil recovery time.', 'Uncommon', 5, NULL, 'https://cdn.arctracker.io/items/stable_stock_ii.png'),
  (441, 'Stable Stock II Blueprint', 'Moderately improves dispersion & recoil recovery time.', 'Common', 9, NULL, 'https://cdn.arctracker.io/items/stable_stock_ii.png'),
  (442, 'Stable Stock III', 'Significantly improves dispersion & recoil recovery time.', 'Rare', 5, NULL, 'https://cdn.arctracker.io/items/stable_stock_iii.png'),
  (443, 'Stable Stock III Blueprint', 'Significantly improves dispersion & recoil recovery time.', 'Common', 9, NULL, 'https://cdn.arctracker.io/items/stable_stock_iii.png'),
  (444, 'Stack of Movie Tapes', '', 'Common', 9, NULL, 'https://cdn.arctracker.io/items/stack_of_movie_tapes.png'),
  (445, 'Statuette', 'Worth a small fortune.', 'Rare', 9, 21, 'https://cdn.arctracker.io/items/statuette.png'),
  (446, 'Steel Spring', 'Used to craft a wide range of items. Can be recycled into crafting materials. Used to craft: Extended Shotgun Mag I, Extended Medium Mag I, Extended Light Mag I, Torrente, Extended Medium Mag II', 'Uncommon', 8, 15, 'https://cdn.arctracker.io/items/steel_spring.png'),
  (447, 'Stella Montis Archives Key', 'Unlocks a door in Medical Research in Stella Montis', 'Epic', 7, NULL, 'https://cdn.arctracker.io/items/stella_montis_archives_key.png'),
  (448, 'Stella Montis Assembly Admin Key', 'Unlocks a door in Assembly in Stella Montis', 'Uncommon', 7, NULL, 'https://cdn.arctracker.io/items/stella_montis_assembly_admin_key.png'),
  (449, 'Stella Montis Medical Storage Key', 'Unlocks a door in the Archives in Stella Montis', 'Uncommon', 7, NULL, 'https://cdn.arctracker.io/items/stella_montis_medical_storage_key.png'),
  (450, 'Stella Montis Security Checkpoint Key', 'Unlocks a door in the Security Checkpoint in Stella Montis', 'Rare', 7, NULL, 'https://cdn.arctracker.io/items/stella_montis_security_checkpoint_key.png'),
  (451, 'Sterilized Bandage', 'A medical item that gradually restores a large amount of health over time.', 'Rare', 6, NULL, 'https://cdn.arctracker.io/items/sterilized_bandage.png'),
  (452, 'Stitcher I', 'Deals good damage, but has quite a low fire-rate and can be hard to control.', 'Common', 3, NULL, 'https://cdn.arctracker.io/items/stitcher.png'),
  (453, 'Stitcher II', 'Deals good damage, but has quite a low fire-rate and can be hard to control.', 'Common', 3, NULL, 'https://cdn.arctracker.io/items/stitcher.png'),
  (454, 'Stitcher III', 'Full automatic SMG. Deals good damage, but has quite a low fire-rate and can be hard to control.', 'Common', 3, NULL, 'https://cdn.arctracker.io/items/stitcher.png'),
  (455, 'Stitcher IV', 'Full automatic SMG. Deals good damage, but has quite a low fire-rate and can be hard to control.', 'Common', 3, NULL, 'https://cdn.arctracker.io/items/stitcher.png'),
  (456, 'Surge Coil', 'A deployable device that periodically electrifies the area around itself and briefly stuns anything caught within it.', 'Uncommon', 6, NULL, NULL),
  (457, 'Surge Coil Blueprint', 'A deployable device that periodically electrifies the area around itself and briefly stuns anything caught within it.', 'Common', 9, NULL, NULL),
  (458, 'Surge Shield Recharger', 'A handheld kit that recharges a shield on use.', 'Rare', 6, NULL, 'https://cdn.arctracker.io/items/surge_shield_recharger.png'),
  (459, 'Surveyor Vault', 'Can be recycled into crafting materials.', 'Rare', 8, 1, 'https://cdn.arctracker.io/items/surveyor_vault.png'),
  (460, 'Synthesized Fuel', 'A canister of synthetic fuel blend.', 'Rare', 8, 11, 'https://cdn.arctracker.io/items/synthesized_fuel.png'),
  (461, 'Syringe', 'Used to craft medical supplies. Can be recycled into plastic. Used to craft: Vita Shot', 'Rare', 8, 6, 'https://cdn.arctracker.io/items/syringe.png'),
  (462, 'Tactical Mk. 1', 'Basic tactical augment. More Quick Use slots for more tactical choice, but limited survivability and slightly lower looting potential.', 'Uncommon', 1, NULL, 'https://cdn.arctracker.io/items/tactical_i.png'),
  (463, 'Tactical Mk. 2', 'Adds more backpack space and an extra utility item slot.', 'Rare', 1, NULL, 'https://cdn.arctracker.io/items/tactical_i.png'),
  (464, 'Tactical Mk. 3 (Defensive)', 'A defensive-focused augment for keeping Shields topped up.', 'Epic', 1, NULL, 'https://cdn.arctracker.io/items/tactical_mk3_defensive.png'),
  (465, 'Tactical Mk. 3 (Defensive) Blueprint', 'A defensive-focused augment for keeping Shields topped up.', 'Common', 9, NULL, 'https://cdn.arctracker.io/items/tactical_mk3_defensive.png'),
  (466, 'Tactical Mk. 3 (Healing)', 'A healing-focused augment which adds extra slots for healing items. When revived from being downed, releases a healing cloud that restores 20 health over 10 seconds. Has a 30-second cooldown.', 'Epic', 1, NULL, 'https://cdn.arctracker.io/items/tactical_mk3_healing.png'),
  (467, 'Tactical Mk. 3 (Healing) Blueprint', 'A healing-focused augment which adds extra slots for healing items.', 'Common', 9, NULL, 'https://cdn.arctracker.io/items/tactical_mk3_healing_blueprint.png'),
  (468, 'Tactical Mk. 3 (Revival)', 'A revival-focused augment designed for team support. Restores 1 health every 5 seconds. When damage is taken, the effect is paused for 30 seconds. Includes an integrated Defibrillator with infinite uses and a 240-second cooldown.', 'Epic', 1, NULL, 'https://cdn.arctracker.io/items/tactical_mk3_revival.png'),
  (469, 'Tactical Mk. 3 (Revival) Blueprint', 'A revival-focused augment designed for team support. Restores 1 health every 5 seconds. When damage is taken, the effect is paused for 30 seconds. Includes an integrated Defibrillator with infinite uses and a 240-second cooldown.', 'Common', 9, NULL, 'https://cdn.arctracker.io/items/tactical_mk3_revival.png'),
  (470, 'Tagging Grenade', 'A grenade that detonates after a delay, tagging Raiders and ARC enemies in an area, allowing you to briefly track their location.', 'Rare', 6, NULL, 'https://cdn.arctracker.io/items/tagging_grenade.png'),
  (471, 'Tagging Grenade Blueprint', 'A grenade that detonates after a delay, tagging Raiders and ARC enemies in an area, allowing you to briefly track their location.', 'Common', 9, NULL, 'https://cdn.arctracker.io/items/tagging_grenade.png'),
  (472, 'Tattered Arc Lining', 'Can be recycled into crafting materials.', 'Uncommon', 8, 1, 'https://cdn.arctracker.io/items/tattered_arc_lining.png'),
  (473, 'Tattered Clothes', 'Can be recycled into fabric.', 'Uncommon', 8, 5, 'https://cdn.arctracker.io/items/tattered_clothes.png'),
  (474, 'Telemetry Transceiver', 'Can be recycled into crafting materials.', 'Rare', 8, 11, 'https://cdn.arctracker.io/items/telemetry_transceiver.png'),
  (475, 'Tempest Blueprint', 'A high-powered weapon utilizing magnetic acceleration technology.', 'Common', 9, NULL, 'https://cdn.arctracker.io/items/tempest.png'),
  (476, 'Tempest I', 'Fully automatic assault rifle with moderate fire rate and accuracy.', 'Epic', 3, NULL, 'https://cdn.arctracker.io/items/tempest.png'),
  (477, 'Tempest II', 'Fully automatic assault rifle with moderate fire rate and accuracy.', 'Epic', 3, NULL, 'https://cdn.arctracker.io/items/tempest.png'),
  (478, 'Tempest III', 'Fully automatic assault rifle with moderate fire rate and accuracy.', 'Epic', 3, NULL, 'https://cdn.arctracker.io/items/tempest.png'),
  (479, 'Tempest IV', 'Fully automatic assault rifle with moderate fire rate and accuracy.', 'Epic', 3, NULL, 'https://cdn.arctracker.io/items/tempest.png'),
  (480, 'Thermostat', 'Can be recycled into crafting materials.', 'Rare', 8, 5, 'https://cdn.arctracker.io/items/thermostat.png'),
  (481, 'Tick Pod', 'Can be recycled into crafting materials.', 'Uncommon', 8, 1, 'https://cdn.arctracker.io/items/tick_pod.png'),
  (482, 'Toaster', 'Can be recycled into crafting materials.', 'Rare', 8, 5, 'https://cdn.arctracker.io/items/toaster.png'),
  (483, 'Torn Blanket', 'Can be recycled into fabric.', 'Rare', 8, 33, 'https://cdn.arctracker.io/items/torn_blanket.png'),
  (484, 'Torn Book', 'What pages remain speak of heroes, vampires, and lots of glances.', 'Common', 9, 12, 'https://cdn.arctracker.io/items/torn_book.png'),
  (485, 'Torrente Blueprint', 'Has a large ammo capacity, but is only accurate while crouched.', 'Common', 9, NULL, 'https://cdn.arctracker.io/items/torrente.png'),
  (486, 'Torrente I', 'Has a large ammo capacity, but is only accurate while crouched', 'Rare', 9, NULL, 'https://cdn.arctracker.io/items/torrente.png'),
  (487, 'Torrente II', 'Has a large ammo capacity, but is only accurate while crouched.', 'Rare', 9, NULL, 'https://cdn.arctracker.io/items/torrente.png'),
  (488, 'Torrente III', 'Has a large ammo capacity, but is only accurate while crouched.', 'Rare', 9, NULL, 'https://cdn.arctracker.io/items/torrente.png'),
  (489, 'Torrente IV', 'Has a large ammo capacity, but is only accurate while crouched.', 'Rare', 9, NULL, 'https://cdn.arctracker.io/items/torrente.png'),
  (490, 'Trailblazer', 'A grenade that emits a trail of flammable gas along its path, causing an explosive chain reaction when it ignites.', 'Rare', 6, NULL, 'https://cdn.arctracker.io/items/trailblazer.png'),
  (491, 'Trailblazer Blueprint', 'Unlocks the crafting blueprint for the Trailblazer.', 'Common', 9, NULL, 'https://cdn.arctracker.io/items/trailblazer.png'),
  (492, 'Trigger \'Nade', 'A remote-detonated grenade that can stick to surfaces and ARC, dealing explosive damage when triggered.', 'Rare', 6, NULL, 'https://cdn.arctracker.io/items/trigger_nade.png'),
  (493, 'Trigger Nade Blueprint', 'A remote-detonated grenade that can stick to surfaces and ARC, dealing explosive damage when triggered.', 'Common', 9, NULL, 'https://cdn.arctracker.io/items/trigger_nade_blueprint.png'),
  (494, 'Tropical Duck', 'It quietly dreams of taking to the skies with its brethren. Can be thrown to create noise.', 'Uncommon', 9, NULL, 'https://cdn.arctracker.io/items/tropical_duck.png'),
  (495, 'Turbo Pump', 'Can be recycled into crafting materials.', 'Rare', 8, 11, 'https://cdn.arctracker.io/items/turbo_pump.png'),
  (496, 'Unusable Weapon', 'Can be recycled into crafting materials.', 'Rare', 8, 10, 'https://cdn.arctracker.io/items/unusable_weapon.png'),
  (497, 'Vaporizer Regulator', '', 'Epic', 8, NULL, NULL),
  (498, 'Vase', 'Worth a small fortune.', 'Rare', 9, 26, 'https://cdn.arctracker.io/items/vase.png'),
  (499, 'Venator Blueprint', 'Fires two shots at a time.', 'Common', 9, NULL, 'https://cdn.arctracker.io/items/venator.png'),
  (500, 'Venator I', 'Semi-automatic pistol. Fires two shots at a time.', 'Rare', 3, NULL, 'https://cdn.arctracker.io/items/venator.png'),
  (501, 'Venator II', 'Semi-automatic pistol. Fires two shots at a time.', 'Rare', 3, NULL, 'https://cdn.arctracker.io/items/venator.png'),
  (502, 'Venator III', 'Semi-automatic pistol. Fires two shots at a time.', 'Rare', 3, NULL, 'https://cdn.arctracker.io/items/venator.png'),
  (503, 'Venator IV', 'Semi-automatic pistol. Fires two shots at a time.', 'Rare', 3, NULL, 'https://cdn.arctracker.io/items/venator.png'),
  (504, 'Vertical Grip I', 'Slightly reduces vertical recoil. Compatible with: Tempest, Arpeggio, Kettle, Ferro, Hullcracker', 'Common', 5, NULL, 'https://cdn.arctracker.io/items/vertical_grip_i.png'),
  (505, 'Vertical Grip II', 'Moderately reduces vertical recoil. Compatible with: Arpeggio, Ferro, Venator, Il Toro, Stitcher', 'Uncommon', 5, NULL, 'https://cdn.arctracker.io/items/vertical_grip_ii.png'),
  (506, 'Vertical Grip II Blueprint', 'Moderately reduces vertical recoil. Compatible with: Arpeggio, Ferro, Venator, Il Toro, Stitcher', 'Common', 9, NULL, 'https://cdn.arctracker.io/items/vertical_grip_ii.png'),
  (507, 'Vertical Grip III', 'Significantly reduces vertical recoil. Compatible with: Tempest, Kettle, Hullcracker, Venator, Il Toro', 'Rare', 5, NULL, 'https://cdn.arctracker.io/items/vertical_grip_iii.png'),
  (508, 'Vertical Grip III Blueprint', 'Significantly reduces vertical recoil.', 'Common', 9, NULL, 'https://cdn.arctracker.io/items/vertical_grip_iii_blueprint.png'),
  (509, 'Very Comfortable Pillow', 'The envy of every Raider. Like sleeping on an especially ergonomic cloud.', 'Uncommon', 9, 8, 'https://cdn.arctracker.io/items/very_comfortable_pillow.png'),
  (510, 'Vita Shot', 'A medical item that restores a large amount of health.', 'Rare', 6, NULL, 'https://cdn.arctracker.io/items/vita_shot.png'),
  (511, 'Vita Shot Blueprint', 'A medical item that restores a large amount of health.', 'Common', 9, NULL, 'https://cdn.arctracker.io/items/vita_shot.png'),
  (512, 'Vita Spray', 'A medical item that continuously restores health during use. Can be used on yourself or your allies.', 'Epic', 6, NULL, 'https://cdn.arctracker.io/items/vita_spray.png'),
  (513, 'Vita Spray Blueprint', 'A medical item that continuously restores health during use. Can be used on yourself or your allies.', 'Common', 9, NULL, 'https://cdn.arctracker.io/items/vita_spray.png'),
  (514, 'Volcanic Rock', 'Can be thrown.', 'Common', 9, 4, 'https://cdn.arctracker.io/items/volcanic_rock.png'),
  (515, 'Voltage Converter', 'Used in crafting. Used to craft: Heavy Shield, Showstopper', 'Rare', 8, 2, 'https://cdn.arctracker.io/items/voltage_converter.png'),
  (516, 'Vulcano Blueprint', 'Semi-automatic shotgun with good bullet spread but sharp falloff', 'Common', 9, NULL, 'https://cdn.arctracker.io/items/vulcano.png'),
  (517, 'Vulcano I', 'Semi-automatic shotgun with good bullet spread but sharp falloff', 'Epic', 3, NULL, 'https://cdn.arctracker.io/items/vulcano.png'),
  (518, 'Vulcano II', 'Semi-automatic shotgun with good bullet spread but sharp falloff', 'Epic', 3, NULL, 'https://cdn.arctracker.io/items/vulcano.png'),
  (519, 'Vulcano III', 'Semi-automatic shotgun with good bullet spread but sharp falloff', 'Epic', 3, NULL, 'https://cdn.arctracker.io/items/vulcano.png'),
  (520, 'Vulcano IV', 'Semi-automatic shotgun with good bullet spread but sharp falloff', 'Epic', 3, NULL, 'https://cdn.arctracker.io/items/vulcano.png'),
  (521, 'Wasp Driver', 'Can be recycled into ARC Alloy. Can be thrown, and will explode if shot.', 'Rare', 8, 1, 'https://cdn.arctracker.io/items/wasp_driver.png'),
  (522, 'Water Filter', 'A portable filtration device for purifying water.', 'Rare', 8, 15, 'https://cdn.arctracker.io/items/water_filter.png'),
  (523, 'Water Pump', 'Can be recycled into crafting materials.', 'Rare', 8, 34, 'https://cdn.arctracker.io/items/water_pump.png'),
  (524, 'Wires', 'Used to craft a wide range of items. Can be recycled into crafting materials. Used to craft: Blaze Grenade Trap, Smoke Grenade Trap, Lure Grenade Trap, Gas Grenade Trap, Muzzle Brake I', 'Uncommon', 8, 35, 'https://cdn.arctracker.io/items/wires.png'),
  (525, 'Wolfpack', 'A grenade that scatters into multiple homing missiles, each one targeting ARC and dealing explosive damage on impact.', 'Epic', 6, NULL, 'https://cdn.arctracker.io/items/wolfpack.png'),
  (526, 'Wolfpack Blueprint', 'A remote-detonated grenade that can stick to surfaces and ARC, dealing explosive damage when triggered.', 'Common', 9, NULL, 'https://cdn.arctracker.io/items/wolfpack_blueprint.png'),
  (527, 'Yellow Light Stick', 'A throwable chemical light that illuminates the area around it.', 'Common', 6, NULL, 'https://cdn.arctracker.io/items/yellow_light_stick.png'),
  (528, 'Yellow Light Stick Blueprint', 'A throwable chemical light that illuminates the area around it.', 'Common', 9, NULL, 'https://cdn.arctracker.io/items/yellow_light_stick.png'),
  (529, 'Zipline', 'A deployable zipline that allows you to quickly move between two locations.', 'Rare', 6, NULL, 'https://cdn.arctracker.io/items/zipline.png');

-- RECIPES (147 recipes)
INSERT INTO recipes (RecipeID, Name, OutputLootID, WorkshopType, WorkshopLevel, IsDefault) VALUES
  (1, 'Craft Adrenaline Shot', 2, 'In Raid', 1, TRUE),
  (2, 'Craft Advanced Electrical Components', 4, 'Refiner', 2, TRUE),
  (3, 'Craft Advanced Mechanical Components', 5, 'Refiner', 2, TRUE),
  (4, 'Craft Agave Juice', 7, 'In Raid', 1, TRUE),
  (5, 'Craft Angled Grip I', 12, 'Weapon Bench', 1, TRUE),
  (6, 'Craft Angled Grip II', 13, 'Weapon Bench', 2, FALSE),
  (7, 'Craft Angled Grip III', 15, 'Weapon Bench', 3, FALSE),
  (8, 'Craft Antiseptic', 17, 'Refiner', 2, TRUE),
  (9, 'Craft Anvil I', 19, 'Weapon Bench', 1, FALSE),
  (10, 'Craft Aphelion', 24, 'Weapon Bench', 3, FALSE),
  (11, 'Craft ARC Circuitry', 28, 'Refiner', 2, TRUE),
  (12, 'Craft ARC Motion Core', 31, 'Refiner', 2, TRUE),
  (13, 'Craft Arpeggio I', 36, 'Weapon Bench', 2, TRUE),
  (14, 'Craft Bandage', 42, 'In Raid', 1, TRUE),
  (15, 'Craft Barricade Kit', 43, 'Utility Bench', 2, FALSE),
  (16, 'Craft Bettina I', 48, 'Weapon Bench', 3, FALSE),
  (17, 'Craft Binoculars', 53, 'Utility Bench', 1, TRUE),
  (18, 'Craft Blaze Grenade', 54, 'Explosives Bench', 3, FALSE),
  (19, 'Craft Blaze Grenade Trap', 56, 'In Raid', 1, TRUE),
  (20, 'Craft Blue Light Stick', 62, 'Utility Bench', 1, FALSE),
  (21, 'Craft Bobcat I', 65, 'Weapon Bench', 3, FALSE),
  (22, 'Craft Burletta I', 80, 'Weapon Bench', 1, FALSE),
  (23, 'Craft Canto I', 91, 'Weapon Bench', 3, FALSE),
  (24, 'Craft Combat Mk. 1', 99, 'Equipment Bench', 1, TRUE),
  (25, 'Craft Combat Mk. 2', 100, 'Equipment Bench', 2, TRUE),
  (26, 'Craft Combat Mk. 3 (Aggressive)', 101, 'Equipment Bench', 3, FALSE),
  (27, 'Craft Combat Mk. 3 (Flanking)', 103, 'Equipment Bench', 3, FALSE),
  (28, 'Craft Compensator I', 106, 'Weapon Bench', 1, TRUE),
  (29, 'Craft Compensator II', 107, 'Weapon Bench', 2, FALSE),
  (30, 'Craft Compensator III', 109, 'Weapon Bench', 3, FALSE),
  (31, 'Craft Complex Gun Parts', 111, 'Refiner', 3, FALSE),
  (32, 'Craft Crude Explosives', 117, 'Refiner', 1, TRUE),
  (33, 'Craft Deadline', 135, 'Explosives Bench', 3, FALSE),
  (34, 'Craft Defibrillator', 137, 'Med Station', 2, FALSE),
  (35, 'Craft Dolabra', 144, 'Weapon Bench', 3, FALSE),
  (36, 'Craft Door Blocker', 147, 'Utility Bench', 1, TRUE),
  (37, 'Craft Durable Cloth', 150, 'Refiner', 1, TRUE),
  (38, 'Craft Electrical Components', 152, 'Refiner', 1, TRUE),
  (39, 'Craft Energy Clip', 154, 'Workbench', 1, TRUE),
  (40, 'Craft Equalizer', 155, 'Weapon Bench', 3, FALSE),
  (41, 'Craft Explosive Compound', 163, 'Refiner', 2, TRUE),
  (42, 'Craft Explosive Mine', 164, 'Explosives Bench', 3, FALSE),
  (43, 'Craft Extended Barrel', 166, 'Weapon Bench', 3, FALSE),
  (44, 'Craft Extended Light Mag I', 168, 'Weapon Bench', 1, TRUE),
  (45, 'Craft Extended Light Mag II', 169, 'Weapon Bench', 2, FALSE),
  (46, 'Craft Extended Light Mag III', 171, 'Weapon Bench', 3, FALSE),
  (47, 'Craft Extended Medium Mag I', 173, 'Weapon Bench', 1, TRUE),
  (48, 'Craft Extended Medium Mag II', 174, 'Weapon Bench', 2, FALSE),
  (49, 'Craft Extended Medium Mag III', 176, 'Weapon Bench', 3, FALSE),
  (50, 'Craft Extended Shotgun Mag I', 178, 'Weapon Bench', 1, TRUE),
  (51, 'Craft Extended Shotgun Mag II', 179, 'Weapon Bench', 2, FALSE),
  (52, 'Craft Extended Shotgun Mag III', 181, 'Weapon Bench', 3, FALSE),
  (53, 'Craft Ferro I', 186, 'Weapon Bench', 1, TRUE),
  (54, 'Craft Firecracker', 194, 'Utility Bench', 1, TRUE),
  (55, 'Craft Fireworks Box', 196, 'Explosives Bench', 2, FALSE),
  (56, 'Craft Flame Spray', 201, 'In Raid', 1, TRUE),
  (57, 'Craft Fruit Mix', 209, 'In Raid', 1, TRUE),
  (58, 'Craft Gas Grenade', 212, 'Explosives Bench', 1, TRUE),
  (59, 'Craft Gas Grenade Trap', 213, 'In Raid', 1, TRUE),
  (60, 'Craft Gas Mine', 214, 'Explosives Bench', 1, FALSE),
  (61, 'Craft Green Light Stick', 219, 'Utility Bench', 1, FALSE),
  (62, 'Craft Hairpin I', 221, 'Weapon Bench', 1, TRUE),
  (63, 'Craft Heavy Ammo', 226, 'Workbench', 1, TRUE),
  (64, 'Craft Heavy Fuze Grenade', 227, 'Explosives Bench', 3, TRUE),
  (65, 'Craft Heavy Gun Parts', 228, 'Refiner', 2, FALSE),
  (66, 'Craft Heavy Shield', 230, 'Equipment Bench', 2, TRUE),
  (67, 'Craft Herbal Bandage', 231, 'In Raid', 1, TRUE),
  (68, 'Craft Hullcracker I', 236, 'Weapon Bench', 3, FALSE),
  (69, 'Craft Il Toro I', 243, 'Weapon Bench', 1, FALSE),
  (70, 'Craft Jolt Mine', 252, 'Explosives Bench', 2, FALSE),
  (71, 'Craft Jupiter', 254, 'Weapon Bench', 3, FALSE),
  (72, 'Craft Kettle I', 256, 'Weapon Bench', 1, TRUE),
  (73, 'Craft Launcher Ammo', 263, 'Workbench', 1, TRUE),
  (74, 'Craft Light Ammo', 268, 'Workbench', 1, TRUE),
  (75, 'Craft Light Gun Parts', 270, 'Refiner', 2, FALSE),
  (76, 'Craft Light Impact Grenade', 272, 'Explosives Bench', 1, TRUE),
  (77, 'Craft Light Shield', 273, 'Equipment Bench', 1, TRUE),
  (78, 'Craft Lightweight Stock', 274, 'Weapon Bench', 3, FALSE),
  (79, 'Craft Li''l Smoke Grenade', 276, 'In Raid', 1, TRUE),
  (80, 'Craft Looting Mk. 1', 277, 'Equipment Bench', 1, TRUE),
  (81, 'Craft Looting Mk. 2', 278, 'Equipment Bench', 2, TRUE),
  (82, 'Craft Looting Mk. 3 (Cautious)', 279, 'Equipment Bench', 3, TRUE),
  (83, 'Craft Looting Mk. 3 (Safekeeper)', 280, 'Equipment Bench', 3, FALSE),
  (84, 'Craft Looting Mk. 3 (Survivor)', 282, 'Equipment Bench', 3, FALSE),
  (85, 'Craft Lure Grenade', 284, 'Utility Bench', 2, FALSE),
  (86, 'Craft Lure Grenade Trap', 286, 'In Raid', 1, TRUE),
  (87, 'Craft Magnetic Accelerator', 288, 'Refiner', 3, TRUE),
  (88, 'Craft Mechanical Components', 293, 'Refiner', 1, TRUE),
  (89, 'Craft Medium Ammo', 294, 'Workbench', 1, TRUE),
  (90, 'Craft Medium Gun Parts', 295, 'Refiner', 2, FALSE),
  (91, 'Craft Medium Shield', 297, 'Equipment Bench', 1, TRUE),
  (92, 'Craft Mod Components', 302, 'Refiner', 2, TRUE),
  (93, 'Craft Muzzle Brake I', 309, 'Weapon Bench', 1, TRUE),
  (94, 'Craft Muzzle Brake II', 310, 'Weapon Bench', 2, FALSE),
  (95, 'Craft Muzzle Brake III', 312, 'Weapon Bench', 3, FALSE),
  (96, 'Craft Noisemaker', 314, 'In Raid', 1, TRUE),
  (97, 'Craft Osprey I', 322, 'Weapon Bench', 2, FALSE),
  (98, 'Craft Padded Stock', 326, 'Weapon Bench', 3, FALSE),
  (99, 'Craft Photoelectric Cloak', 330, 'Utility Bench', 3, TRUE),
  (100, 'Craft Power Rod', 342, 'Refiner', 3, TRUE),
  (101, 'Craft Pulse Mine', 347, 'Explosives Bench', 1, FALSE),
  (102, 'Craft Raider Hatch Key', 352, 'In Raid', 2, TRUE),
  (103, 'Craft Rattler I', 354, 'Weapon Bench', 1, TRUE),
  (104, 'Craft Red Light Stick', 360, 'Utility Bench', 1, FALSE),
  (105, 'Craft Remote Raider Flare', 364, 'Utility Bench', 1, FALSE),
  (106, 'Craft Renegade I', 366, 'Weapon Bench', 3, TRUE),
  (107, 'Craft Seeker Grenade', 396, 'Explosives Bench', 1, FALSE),
  (108, 'Craft Shaker', 400, 'In Raid', 1, TRUE),
  (109, 'Craft Shield Recharger', 401, 'In Raid', 1, TRUE),
  (110, 'Craft Shotgun Ammo', 402, 'Workbench', 1, TRUE),
  (111, 'Craft Shotgun Choke I', 403, 'Weapon Bench', 1, TRUE),
  (112, 'Craft Shotgun Choke II', 404, 'Weapon Bench', 2, FALSE),
  (113, 'Craft Shotgun Choke III', 406, 'Weapon Bench', 3, FALSE),
  (114, 'Craft Shotgun Silencer', 408, 'Weapon Bench', 3, FALSE),
  (115, 'Craft Showstopper', 410, 'Explosives Bench', 3, FALSE),
  (116, 'Craft Shrapnel Grenade', 412, 'Explosives Bench', 2, TRUE),
  (117, 'Craft Silencer I', 415, 'Weapon Bench', 2, FALSE),
  (118, 'Craft Silencer II', 417, 'Weapon Bench', 3, FALSE),
  (119, 'Craft Smoke Grenade', 422, 'Utility Bench', 2, FALSE),
  (120, 'Craft Smoke Grenade Trap', 424, 'In Raid', 1, TRUE),
  (121, 'Craft Snap Blast Grenade', 425, 'Explosives Bench', 2, TRUE),
  (122, 'Craft Snap Hook', 426, 'Utility Bench', 3, FALSE),
  (123, 'Craft Stable Stock I', 439, 'Weapon Bench', 1, TRUE),
  (124, 'Craft Stable Stock II', 440, 'Weapon Bench', 2, FALSE),
  (125, 'Craft Stable Stock III', 442, 'Weapon Bench', 3, FALSE),
  (126, 'Craft Sterilized Bandage', 451, 'Med Station', 2, TRUE),
  (127, 'Craft Stitcher I', 452, 'Weapon Bench', 1, TRUE),
  (128, 'Craft Surge Coil', 456, 'Explosives Bench', 3, FALSE),
  (129, 'Craft Surge Shield Recharger', 458, 'Med Station', 2, TRUE),
  (130, 'Craft Tactical Mk. 1', 462, 'Equipment Bench', 1, TRUE),
  (131, 'Craft Tactical Mk. 2', 463, 'Equipment Bench', 2, TRUE),
  (132, 'Craft Tactical Mk. 3 (Defensive)', 464, 'Equipment Bench', 3, FALSE),
  (133, 'Craft Tactical Mk. 3 (Healing)', 466, 'Equipment Bench', 3, FALSE),
  (134, 'Craft Tactical Mk. 3 (Revival)', 468, 'Equipment Bench', 3, FALSE),
  (135, 'Craft Tagging Grenade', 470, 'Utility Bench', 3, FALSE),
  (136, 'Craft Tempest I', 476, 'Weapon Bench', 3, FALSE),
  (137, 'Craft Torrente I', 486, 'Weapon Bench', 2, FALSE),
  (138, 'Craft Trailblazer', 490, 'Explosives Bench', 3, FALSE),
  (139, 'Craft Trigger ''Nade', 492, 'Explosives Bench', 2, FALSE),
  (140, 'Craft Venator I', 500, 'Weapon Bench', 2, FALSE),
  (141, 'Craft Vertical Grip I', 504, 'Weapon Bench', 1, TRUE),
  (142, 'Craft Vertical Grip II', 505, 'Weapon Bench', 2, FALSE),
  (143, 'Craft Vertical Grip III', 507, 'Weapon Bench', 3, FALSE),
  (144, 'Craft Vita Shot', 510, 'Med Station', 3, FALSE),
  (145, 'Craft Vita Spray', 512, 'Med Station', 3, FALSE),
  (146, 'Craft Vulcano I', 517, 'Weapon Bench', 3, FALSE),
  (147, 'Craft Wolfpack', 525, 'Explosives Bench', 3, FALSE),
  (148, 'Craft Yellow Light Stick', 527, 'Utility Bench', 1, FALSE),
  (149, 'Craft Zipline', 529, 'Utility Bench', 2, TRUE);

-- BLUEPRINTS (76 entries)
INSERT INTO blueprints (BlueprintID, LootID, RecipeID) VALUES
  (1, 14, 6),
  (2, 16, 7),
  (3, 18, 9),
  (4, 25, 10),
  (5, 44, 15),
  (6, 47, 16),
  (7, 55, 18),
  (8, 63, 20),
  (9, 64, 21),
  (10, 79, 22),
  (11, 90, 23),
  (12, 102, 26),
  (13, 104, 27),
  (14, 108, 29),
  (15, 110, 30),
  (16, 112, 31),
  (17, 136, 33),
  (18, 138, 34),
  (19, 145, 35),
  (20, 156, 40),
  (21, 165, 42),
  (22, 167, 43),
  (23, 170, 45),
  (24, 172, 46),
  (25, 175, 48),
  (26, 177, 49),
  (27, 180, 51),
  (28, 182, 52),
  (29, 197, 55),
  (30, 215, 60),
  (31, 220, 61),
  (32, 229, 65),
  (33, 235, 68),
  (34, 242, 69),
  (35, 253, 70),
  (36, 255, 71),
  (37, 271, 75),
  (38, 275, 78),
  (39, 281, 83),
  (40, 283, 84),
  (41, 285, 85),
  (42, 296, 90),
  (43, 311, 94),
  (44, 313, 95),
  (45, 321, 97),
  (46, 327, 98),
  (47, 348, 101),
  (48, 361, 104),
  (49, 365, 105),
  (50, 397, 107),
  (51, 405, 112),
  (52, 407, 113),
  (53, 409, 114),
  (54, 411, 115),
  (55, 416, 117),
  (56, 418, 118),
  (57, 423, 119),
  (58, 427, 122),
  (59, 441, 124),
  (60, 443, 125),
  (61, 457, 128),
  (62, 465, 132),
  (63, 467, 133),
  (64, 469, 134),
  (65, 471, 135),
  (66, 475, 136),
  (67, 485, 137),
  (68, 491, 138),
  (69, 499, 140),
  (70, 506, 142),
  (71, 508, 143),
  (72, 511, 144),
  (73, 513, 145),
  (74, 516, 146),
  (75, 526, 147),
  (76, 528, 148),
  (77, 493, 139);

-- RECIPE COMPONENTS
INSERT INTO recipe_components (RecipeID, LootID, QuantityRequired) VALUES
  (1, 97, 3),
  (1, 332, 3),
  (2, 152, 2),
  (2, 524, 3),
  (3, 293, 2),
  (3, 446, 2),
  (4, 6, 1),
  (4, 153, 1),
  (5, 149, 1),
  (5, 332, 6),
  (6, 149, 3),
  (6, 293, 2),
  (7, 149, 5),
  (7, 302, 2),
  (8, 97, 10),
  (8, 218, 2),
  (9, 293, 5),
  (9, 421, 6),
  (10, 111, 3),
  (10, 288, 3),
  (10, 292, 1),
  (11, 27, 8),
  (12, 27, 8),
  (13, 293, 6),
  (13, 421, 6),
  (14, 183, 5),
  (15, 293, 1),
  (16, 5, 3),
  (16, 89, 3),
  (16, 228, 3),
  (17, 332, 8),
  (17, 380, 4),
  (18, 163, 1),
  (18, 318, 2),
  (19, 54, 1),
  (19, 524, 1),
  (20, 97, 3),
  (21, 159, 2),
  (21, 270, 3),
  (21, 288, 1),
  (22, 293, 3),
  (22, 421, 3),
  (23, 5, 2),
  (23, 287, 5),
  (23, 295, 3),
  (24, 332, 6),
  (24, 380, 6),
  (25, 152, 2),
  (25, 287, 3),
  (26, 4, 2),
  (26, 344, 3),
  (27, 4, 2),
  (27, 344, 3),
  (28, 299, 6),
  (28, 524, 1),
  (29, 293, 2),
  (29, 524, 4),
  (30, 302, 2),
  (30, 524, 8),
  (31, 228, 2),
  (31, 270, 2),
  (31, 295, 2),
  (32, 97, 6),
  (33, 28, 2),
  (33, 105, 1),
  (33, 163, 3),
  (34, 304, 1),
  (34, 332, 9),
  (35, 288, 3),
  (35, 413, 3),
  (35, 497, 2),
  (36, 299, 3),
  (36, 380, 3),
  (37, 183, 14),
  (38, 332, 8),
  (38, 380, 4),
  (39, 3, 1),
  (39, 46, 2),
  (40, 111, 3),
  (40, 288, 3),
  (40, 349, 1),
  (41, 117, 2),
  (41, 318, 2),
  (42, 163, 1),
  (42, 398, 1),
  (43, 302, 2),
  (43, 524, 8),
  (44, 332, 6),
  (44, 446, 1),
  (45, 293, 2),
  (45, 446, 3),
  (46, 302, 2),
  (46, 446, 5),
  (47, 332, 6),
  (47, 446, 1),
  (48, 293, 2),
  (48, 446, 3),
  (49, 302, 2),
  (49, 446, 5),
  (50, 332, 6),
  (50, 446, 1),
  (51, 293, 2),
  (51, 446, 3),
  (52, 302, 2),
  (52, 446, 5),
  (53, 299, 5),
  (53, 380, 2),
  (54, 97, 2),
  (54, 332, 4),
  (55, 163, 1),
  (55, 335, 3),
  (56, 8, 1),
  (56, 193, 1),
  (57, 26, 1),
  (57, 265, 1),
  (57, 343, 1),
  (58, 97, 4),
  (58, 380, 2),
  (59, 212, 1),
  (59, 524, 1),
  (60, 97, 4),
  (60, 380, 2),
  (61, 97, 3),
  (62, 299, 2),
  (62, 332, 5),
  (63, 97, 2),
  (63, 299, 3),
  (64, 89, 2),
  (64, 163, 1),
  (65, 421, 4),
  (66, 342, 1),
  (66, 515, 2),
  (67, 150, 1),
  (67, 218, 1),
  (68, 159, 1),
  (68, 228, 3),
  (68, 288, 1),
  (69, 293, 5),
  (69, 421, 6),
  (70, 46, 1),
  (70, 152, 1),
  (71, 111, 3),
  (71, 288, 3),
  (71, 349, 1),
  (72, 299, 6),
  (72, 380, 8),
  (73, 31, 1),
  (73, 117, 2),
  (74, 97, 2),
  (74, 299, 3),
  (75, 421, 4),
  (76, 97, 3),
  (76, 332, 2),
  (77, 27, 2),
  (77, 332, 4),
  (78, 149, 5),
  (78, 302, 2),
  (79, 97, 5),
  (79, 332, 1),
  (80, 332, 6),
  (80, 380, 6),
  (81, 152, 2),
  (81, 287, 3),
  (82, 4, 2),
  (82, 344, 3),
  (83, 4, 2),
  (83, 344, 3),
  (84, 4, 2),
  (84, 344, 3),
  (85, 152, 1),
  (85, 434, 1),
  (86, 284, 1),
  (86, 524, 1),
  (87, 5, 2),
  (87, 31, 2),
  (88, 299, 7),
  (88, 380, 3),
  (89, 97, 2),
  (89, 299, 3),
  (90, 421, 4),
  (91, 28, 1),
  (91, 46, 4),
  (92, 293, 2),
  (92, 446, 2),
  (93, 299, 6),
  (93, 524, 1),
  (94, 293, 2),
  (94, 524, 4),
  (95, 302, 2),
  (95, 524, 8),
  (96, 332, 2),
  (96, 434, 1),
  (97, 5, 2),
  (97, 295, 3),
  (97, 524, 7),
  (98, 149, 5),
  (98, 302, 2),
  (99, 4, 2),
  (99, 434, 4),
  (100, 4, 2),
  (100, 28, 2),
  (101, 117, 1),
  (101, 524, 1),
  (102, 4, 1),
  (102, 398, 3),
  (103, 299, 16),
  (103, 380, 12),
  (104, 97, 3),
  (105, 97, 2),
  (105, 380, 4),
  (106, 5, 2),
  (106, 295, 3),
  (106, 318, 5),
  (107, 27, 2),
  (107, 117, 1),
  (108, 41, 7),
  (108, 89, 1),
  (109, 33, 1),
  (109, 380, 5),
  (110, 97, 2),
  (110, 299, 3),
  (111, 299, 6),
  (111, 524, 1),
  (112, 293, 2),
  (112, 524, 4),
  (113, 302, 2),
  (113, 524, 8),
  (114, 302, 2),
  (114, 524, 8),
  (115, 152, 1),
  (115, 233, 1),
  (115, 515, 1),
  (116, 117, 1),
  (116, 446, 2),
  (117, 293, 2),
  (117, 524, 4),
  (118, 302, 2),
  (118, 524, 8),
  (119, 89, 1),
  (119, 97, 14),
  (120, 422, 1),
  (120, 524, 1),
  (121, 117, 2),
  (121, 287, 1),
  (122, 159, 1),
  (122, 342, 2),
  (122, 375, 3),
  (123, 149, 1),
  (123, 380, 7),
  (124, 149, 3),
  (124, 293, 2),
  (125, 149, 5),
  (125, 302, 2),
  (126, 17, 1),
  (126, 150, 2),
  (127, 299, 8),
  (127, 380, 4),
  (128, 152, 1),
  (128, 233, 1),
  (128, 398, 1),
  (129, 3, 1),
  (129, 152, 1),
  (130, 332, 6),
  (130, 380, 6),
  (131, 152, 2),
  (131, 287, 3),
  (132, 4, 2),
  (132, 344, 3),
  (133, 4, 2),
  (133, 344, 3),
  (134, 4, 2),
  (134, 344, 3),
  (135, 152, 1),
  (135, 398, 1),
  (136, 159, 2),
  (136, 288, 1),
  (136, 295, 3),
  (137, 5, 2),
  (137, 295, 3),
  (137, 446, 6),
  (138, 117, 2),
  (138, 195, 1),
  (138, 460, 1),
  (139, 117, 2),
  (139, 344, 1),
  (140, 5, 2),
  (140, 287, 5),
  (140, 295, 3),
  (141, 149, 1),
  (141, 332, 6),
  (142, 149, 3),
  (142, 293, 2),
  (143, 149, 5),
  (143, 302, 2),
  (144, 17, 2),
  (144, 461, 1),
  (145, 17, 3),
  (145, 89, 1),
  (145, 481, 1),
  (146, 159, 1),
  (146, 228, 3),
  (146, 288, 1),
  (147, 31, 2),
  (147, 163, 1),
  (147, 373, 1),
  (148, 97, 3),
  (149, 293, 1),
  (149, 375, 1);

-- LOOT LOCATIONS
INSERT INTO loot_locations (LootID, LocationName) VALUES
  (3, 'ARC'),
  (4, 'Electrical'),
  (5, 'Mechanical'),
  (6, 'Nature'),
  (8, 'Mechanical'),
  (9, 'Residential'),
  (17, 'Medical'),
  (26, 'Nature'),
  (27, 'ARC'),
  (28, 'ARC'),
  (29, 'ARC'),
  (30, 'ARC'),
  (31, 'ARC'),
  (32, 'ARC'),
  (33, 'ARC'),
  (34, 'ARC'),
  (35, 'ARC'),
  (41, 'Nature'),
  (45, 'ARC'),
  (46, 'Technological, Electrical'),
  (52, 'Residential'),
  (57, 'Residential, Commercial'),
  (69, 'ARC'),
  (70, 'Residential, Old World, Commercial'),
  (71, 'Security'),
  (72, 'Exodus'),
  (73, 'Security'),
  (74, 'Security'),
  (84, 'ARC'),
  (85, 'Residential, Old World'),
  (86, 'Security'),
  (87, 'Residential'),
  (88, 'Nature'),
  (89, 'Commercial'),
  (95, 'Residential, Commercial'),
  (97, 'Medical, Residential, Mechanical'),
  (98, 'Residential'),
  (105, 'ARC'),
  (111, 'Security'),
  (113, 'Mechanical'),
  (114, 'Industrial'),
  (115, 'Technological'),
  (116, 'Medical'),
  (117, 'Industrial, Security'),
  (118, 'Residential'),
  (125, 'ARC'),
  (126, 'ARC'),
  (127, 'ARC'),
  (128, 'Technological'),
  (129, 'ARC'),
  (130, 'ARC'),
  (131, 'ARC'),
  (132, 'ARC'),
  (133, 'ARC'),
  (134, 'Residential, Commercial'),
  (139, 'Residential'),
  (140, 'ARC'),
  (141, 'Residential'),
  (143, 'Residential'),
  (148, 'ARC'),
  (149, 'Residential, Commercial'),
  (150, 'Medical, Commercial'),
  (152, 'Electrical'),
  (153, 'Residential, Commercial'),
  (159, 'Exodus'),
  (161, 'Commercial, Residential'),
  (162, 'Medical'),
  (163, 'Industrial, Security'),
  (183, 'Commercial, Medical, Residential'),
  (184, 'Residential'),
  (190, 'Nature'),
  (191, 'Old World, Residential'),
  (192, 'Residential, Commercial'),
  (193, 'ARC'),
  (195, 'ARC'),
  (203, 'Exodus'),
  (205, 'Nature'),
  (207, 'Exodus'),
  (208, 'Technological'),
  (210, 'Residential'),
  (211, 'Residential, Commercial'),
  (216, 'Exodus'),
  (218, 'Nature'),
  (225, 'Residential, Commercial'),
  (228, 'Security, Raider'),
  (233, 'ARC'),
  (234, 'Residential'),
  (240, 'Residential'),
  (241, 'Commercial'),
  (247, 'ARC'),
  (248, 'Industrial'),
  (249, 'Industrial'),
  (250, 'Industrial'),
  (251, 'Exodus'),
  (261, 'Medical'),
  (262, 'Residential, Commercial'),
  (264, 'ARC'),
  (265, 'Nature'),
  (269, 'Electrical'),
  (270, 'Raider, Security'),
  (287, 'Exodus'),
  (288, 'Exodus'),
  (289, 'Exodus'),
  (293, 'Mechanical'),
  (295, 'Raider, Security'),
  (298, 'Mechanical, Electrical'),
  (299, 'Mechanical, Industrial, Electrical, Technological'),
  (300, 'Exodus'),
  (301, 'Exodus'),
  (302, 'Security'),
  (304, 'Nature'),
  (305, 'Mechanical'),
  (306, 'Nature'),
  (307, 'Residential, Commercial'),
  (308, 'Old World, Residential, Commercial'),
  (315, 'Mechanical'),
  (318, 'Mechanical'),
  (320, 'Nature'),
  (328, 'Old World'),
  (329, 'Security'),
  (332, 'Commercial, Residential, Technological'),
  (333, 'Residential, Commercial'),
  (334, 'Industrial'),
  (335, 'ARC'),
  (336, 'Residential'),
  (338, 'Residential, Commercial'),
  (339, 'Old World, Residential'),
  (340, 'Electrical, Residential, Commercial'),
  (341, 'Electrical, Residential, Commercial'),
  (342, 'Exodus'),
  (343, 'Nature'),
  (344, 'Technological'),
  (346, 'Residential'),
  (349, 'ARC'),
  (350, 'Commercial, Residential'),
  (351, 'Exodus'),
  (358, 'Residential'),
  (359, 'Residential, Old World, Commercial'),
  (363, 'Residential'),
  (370, 'Nature'),
  (372, 'Exodus'),
  (373, 'ARC'),
  (374, 'Nature'),
  (375, 'Residential, Commercial'),
  (376, 'Old World, Residential'),
  (377, 'Exodus'),
  (379, 'Electrical'),
  (380, 'Mechanical, Industrial, Electrical'),
  (381, 'Residential'),
  (382, 'ARC'),
  (383, 'Security'),
  (384, 'Security'),
  (385, 'Exodus'),
  (386, 'Security'),
  (387, 'Security'),
  (388, 'Industrial, Mechanical'),
  (389, 'Industrial'),
  (390, 'Medical'),
  (391, 'Mechanical'),
  (392, 'ARC'),
  (393, 'Exodus'),
  (398, 'Security, Technological'),
  (399, 'ARC'),
  (400, 'Residential'),
  (413, 'ARC'),
  (414, 'Exodus'),
  (420, 'Residential, Old World, Commercial'),
  (421, 'Raider, Security'),
  (428, 'ARC'),
  (429, 'Nature'),
  (434, 'Commercial'),
  (435, 'Exodus'),
  (436, 'Exodus'),
  (437, 'ARC'),
  (438, 'Residential, Commercial'),
  (445, 'Old World, Residential'),
  (446, 'Industrial'),
  (459, 'ARC'),
  (460, 'Exodus'),
  (461, 'Medical'),
  (472, 'ARC'),
  (473, 'Residential'),
  (474, 'Exodus'),
  (480, 'Residential'),
  (481, 'ARC'),
  (482, 'Residential'),
  (483, 'Residential, Medical'),
  (484, 'Residential, Old World'),
  (495, 'Exodus'),
  (496, 'Security'),
  (498, 'Old World, Residential, Commercial'),
  (509, 'Residential, Commercial'),
  (514, 'Nature'),
  (515, 'Electrical'),
  (521, 'ARC'),
  (522, 'Industrial'),
  (523, 'Mechanical, Industrial'),
  (524, 'Electrical, Technological');

-- LOOT BREAKDOWN
INSERT INTO loot_breakdown (LootID, ComponentLootID, Quantity) VALUES
  (1, 299, 4),
  (1, 524, 6),
  (2, 97, 1),
  (2, 332, 1),
  (3, 33, 2),
  (4, 152, 1),
  (4, 524, 1),
  (5, 293, 1),
  (5, 446, 1),
  (6, 41, 3),
  (9, 332, 6),
  (9, 344, 1),
  (12, 332, 6),
  (13, 149, 1),
  (13, 293, 1),
  (15, 149, 2),
  (15, 302, 1),
  (17, 97, 10),
  (19, 293, 2),
  (19, 421, 2),
  (20, 293, 3),
  (20, 421, 3),
  (21, 293, 4),
  (21, 421, 4),
  (22, 293, 5),
  (22, 421, 5),
  (23, 302, 1),
  (23, 344, 1),
  (24, 111, 1),
  (24, 288, 2),
  (26, 41, 3),
  (27, 299, 2),
  (28, 27, 2),
  (29, 97, 16),
  (30, 380, 16),
  (31, 27, 2),
  (32, 299, 12),
  (34, 332, 14),
  (35, 183, 16),
  (36, 293, 2),
  (36, 421, 2),
  (37, 293, 3),
  (37, 421, 3),
  (38, 293, 4),
  (38, 421, 4),
  (39, 293, 5),
  (39, 421, 5),
  (40, 3, 3),
  (40, 5, 1),
  (42, 183, 2),
  (43, 299, 4),
  (45, 5, 1),
  (45, 27, 3),
  (46, 299, 2),
  (48, 5, 1),
  (48, 228, 2),
  (49, 5, 2),
  (49, 228, 2),
  (50, 5, 2),
  (50, 228, 3),
  (51, 5, 3),
  (51, 228, 3),
  (52, 89, 4),
  (52, 299, 10),
  (53, 332, 4),
  (53, 380, 2),
  (54, 299, 4),
  (54, 318, 2),
  (62, 97, 1),
  (65, 5, 2),
  (65, 270, 2),
  (66, 5, 3),
  (66, 270, 3),
  (67, 5, 4),
  (67, 270, 4),
  (68, 5, 5),
  (68, 270, 4),
  (69, 5, 1),
  (69, 27, 3),
  (71, 46, 2),
  (71, 299, 6),
  (72, 344, 4),
  (73, 398, 3),
  (73, 524, 2),
  (74, 46, 2),
  (74, 524, 2),
  (80, 293, 1),
  (80, 421, 2),
  (81, 293, 2),
  (81, 421, 2),
  (82, 293, 3),
  (82, 421, 3),
  (83, 293, 4),
  (83, 421, 4),
  (84, 27, 2),
  (86, 332, 8),
  (87, 299, 8),
  (88, 41, 2),
  (89, 332, 3),
  (91, 5, 1),
  (91, 295, 2),
  (92, 5, 2),
  (92, 295, 2),
  (93, 5, 2),
  (93, 295, 3),
  (94, 5, 3),
  (94, 295, 3),
  (99, 332, 3),
  (99, 380, 3),
  (100, 152, 1),
  (100, 287, 1),
  (101, 4, 1),
  (101, 344, 1),
  (103, 4, 1),
  (103, 344, 1),
  (105, 27, 2),
  (105, 117, 2),
  (106, 299, 5),
  (107, 293, 1),
  (107, 524, 1),
  (109, 302, 1),
  (109, 524, 2),
  (111, 421, 3),
  (113, 97, 5),
  (113, 318, 2),
  (114, 97, 6),
  (114, 446, 2),
  (115, 332, 14),
  (115, 524, 4),
  (116, 46, 3),
  (116, 380, 3),
  (117, 97, 3),
  (118, 332, 4),
  (125, 27, 2),
  (126, 27, 1),
  (127, 27, 1),
  (128, 299, 6),
  (128, 524, 2),
  (129, 27, 2),
  (130, 27, 3),
  (132, 27, 1),
  (133, 27, 1),
  (135, 28, 1),
  (135, 163, 1),
  (137, 304, 1),
  (137, 332, 1),
  (139, 183, 9),
  (139, 380, 9),
  (140, 380, 11),
  (141, 380, 12),
  (143, 183, 8),
  (143, 299, 1),
  (144, 288, 2),
  (147, 299, 2),
  (148, 332, 9),
  (149, 183, 3),
  (150, 183, 6),
  (152, 332, 3),
  (152, 380, 3),
  (155, 111, 1),
  (155, 288, 2),
  (159, 287, 2),
  (159, 344, 2),
  (162, 183, 4),
  (162, 380, 8),
  (163, 117, 2),
  (164, 318, 1),
  (164, 398, 1),
  (166, 302, 1),
  (166, 524, 1),
  (168, 332, 6),
  (169, 293, 1),
  (169, 446, 1),
  (171, 302, 1),
  (171, 446, 2),
  (173, 332, 6),
  (174, 293, 1),
  (174, 446, 1),
  (176, 302, 1),
  (176, 446, 2),
  (178, 332, 6),
  (179, 293, 1),
  (179, 446, 1),
  (181, 302, 1),
  (181, 446, 2),
  (186, 299, 2),
  (186, 380, 1),
  (187, 299, 4),
  (187, 380, 3),
  (188, 299, 6),
  (188, 421, 1),
  (189, 293, 1),
  (189, 421, 2),
  (190, 41, 2),
  (193, 27, 1),
  (193, 117, 1),
  (194, 332, 3),
  (195, 27, 2),
  (195, 117, 2),
  (196, 163, 1),
  (201, 89, 1),
  (201, 193, 1),
  (203, 5, 1),
  (203, 398, 1),
  (205, 163, 3),
  (206, 332, 6),
  (206, 380, 6),
  (207, 4, 1),
  (207, 434, 1),
  (208, 152, 2),
  (208, 332, 5),
  (210, 299, 8),
  (211, 299, 12),
  (212, 97, 1),
  (212, 380, 1),
  (214, 97, 1),
  (214, 380, 1),
  (216, 46, 3),
  (216, 159, 1),
  (218, 41, 2),
  (219, 97, 1),
  (221, 299, 2),
  (221, 380, 1),
  (222, 299, 4),
  (222, 380, 3),
  (223, 299, 6),
  (223, 421, 1),
  (224, 293, 1),
  (224, 421, 2),
  (225, 380, 7),
  (225, 434, 1),
  (227, 318, 1),
  (227, 380, 2),
  (228, 421, 2),
  (230, 28, 2),
  (230, 515, 1),
  (231, 41, 2),
  (231, 183, 5),
  (232, 149, 2),
  (232, 302, 1),
  (233, 27, 1),
  (233, 152, 1),
  (234, 97, 11),
  (236, 5, 2),
  (236, 228, 2),
  (237, 5, 2),
  (237, 228, 3),
  (238, 5, 3),
  (238, 228, 4),
  (239, 5, 4),
  (239, 228, 5),
  (240, 89, 2),
  (240, 524, 2),
  (241, 299, 7),
  (243, 293, 2),
  (243, 421, 2),
  (244, 293, 3),
  (244, 421, 3),
  (245, 293, 4),
  (245, 421, 4),
  (246, 293, 5),
  (246, 421, 5),
  (247, 97, 12),
  (248, 46, 2),
  (248, 97, 7),
  (249, 299, 5),
  (249, 515, 1),
  (250, 287, 2),
  (250, 299, 4),
  (251, 159, 1),
  (251, 515, 4),
  (252, 46, 1),
  (252, 332, 2),
  (254, 111, 1),
  (254, 288, 2),
  (256, 299, 3),
  (256, 380, 2),
  (257, 299, 6),
  (257, 380, 6),
  (258, 299, 12),
  (258, 421, 1),
  (259, 293, 2),
  (259, 421, 2),
  (260, 149, 2),
  (260, 302, 1),
  (261, 97, 16),
  (261, 117, 3),
  (264, 5, 1),
  (264, 27, 3),
  (265, 41, 3),
  (270, 421, 2),
  (272, 97, 1),
  (272, 332, 1),
  (273, 332, 4),
  (274, 149, 1),
  (274, 302, 1),
  (276, 97, 1),
  (276, 332, 1),
  (277, 332, 3),
  (277, 380, 3),
  (278, 152, 1),
  (278, 287, 1),
  (279, 4, 1),
  (279, 344, 1),
  (280, 4, 1),
  (280, 344, 1),
  (282, 4, 1),
  (282, 344, 1),
  (284, 434, 1),
  (287, 299, 2),
  (288, 5, 1),
  (288, 31, 1),
  (289, 288, 1),
  (289, 446, 1),
  (292, 288, 1),
  (292, 342, 1),
  (293, 299, 3),
  (293, 380, 2),
  (295, 421, 2),
  (297, 28, 1),
  (298, 299, 8),
  (300, 5, 1),
  (300, 287, 3),
  (301, 5, 1),
  (301, 89, 2),
  (302, 293, 1),
  (302, 446, 1),
  (304, 41, 3),
  (305, 293, 2),
  (305, 318, 2),
  (309, 299, 5),
  (310, 293, 1),
  (310, 524, 1),
  (312, 302, 1),
  (312, 524, 2),
  (314, 434, 1),
  (315, 299, 3),
  (318, 97, 3),
  (320, 41, 2),
  (322, 5, 1),
  (322, 295, 2),
  (323, 5, 2),
  (323, 295, 2),
  (324, 5, 2),
  (324, 295, 3),
  (325, 5, 3),
  (325, 295, 3),
  (326, 149, 1),
  (326, 302, 1),
  (330, 4, 1),
  (330, 434, 1),
  (334, 183, 6),
  (334, 318, 2),
  (335, 27, 1),
  (335, 117, 1),
  (336, 46, 2),
  (336, 524, 6),
  (340, 46, 2),
  (340, 524, 2),
  (341, 524, 4),
  (342, 4, 1),
  (342, 28, 1),
  (343, 41, 3),
  (344, 332, 1),
  (344, 524, 1),
  (346, 344, 1),
  (346, 524, 2),
  (347, 97, 6),
  (349, 288, 1),
  (349, 342, 1),
  (350, 398, 1),
  (350, 434, 1),
  (351, 398, 2),
  (351, 434, 2),
  (354, 299, 8),
  (355, 299, 12),
  (356, 293, 3),
  (356, 421, 1),
  (357, 293, 4),
  (357, 421, 2),
  (358, 332, 10),
  (360, 97, 1),
  (363, 332, 7),
  (363, 398, 1),
  (364, 97, 1),
  (364, 380, 1),
  (366, 5, 1),
  (366, 295, 2),
  (367, 5, 2),
  (367, 295, 2),
  (368, 5, 2),
  (368, 295, 3),
  (369, 5, 3),
  (369, 295, 3),
  (371, 150, 1),
  (371, 287, 1),
  (372, 299, 6),
  (372, 460, 2),
  (373, 4, 1),
  (373, 27, 3),
  (374, 41, 1),
  (375, 183, 5),
  (377, 152, 2),
  (377, 344, 2),
  (379, 380, 18),
  (381, 380, 18),
  (381, 446, 3),
  (382, 332, 2),
  (382, 380, 2),
  (383, 299, 6),
  (383, 380, 3),
  (384, 299, 8),
  (385, 183, 10),
  (386, 332, 10),
  (386, 380, 6),
  (387, 183, 5),
  (387, 287, 1),
  (388, 299, 8),
  (389, 293, 2),
  (389, 299, 4),
  (390, 17, 1),
  (390, 461, 2),
  (391, 299, 8),
  (391, 446, 1),
  (392, 299, 8),
  (393, 41, 14),
  (393, 152, 2),
  (396, 117, 1),
  (398, 299, 1),
  (398, 524, 1),
  (399, 27, 2),
  (399, 293, 2),
  (400, 332, 10),
  (401, 380, 4),
  (403, 299, 5),
  (404, 293, 1),
  (404, 524, 1),
  (406, 302, 1),
  (406, 524, 2),
  (408, 302, 1),
  (408, 524, 1),
  (410, 152, 1),
  (410, 515, 1),
  (412, 117, 1),
  (412, 299, 1),
  (413, 27, 2),
  (413, 293, 2),
  (414, 152, 2),
  (414, 515, 2),
  (415, 293, 1),
  (415, 524, 1),
  (417, 302, 1),
  (417, 524, 2),
  (419, 302, 1),
  (419, 524, 3),
  (421, 299, 2),
  (422, 89, 1),
  (422, 97, 2),
  (425, 97, 1),
  (425, 287, 1),
  (426, 342, 1),
  (426, 375, 3),
  (428, 27, 1),
  (428, 152, 1),
  (434, 332, 2),
  (434, 380, 3),
  (435, 4, 1),
  (435, 398, 1),
  (436, 159, 1),
  (436, 398, 1),
  (437, 27, 1),
  (437, 152, 1),
  (438, 150, 2),
  (438, 446, 2),
  (439, 380, 6),
  (440, 149, 1),
  (440, 293, 1),
  (442, 149, 2),
  (442, 302, 1),
  (446, 299, 2),
  (451, 17, 1),
  (451, 183, 1),
  (452, 299, 3),
  (452, 380, 2),
  (453, 299, 6),
  (453, 380, 6),
  (454, 299, 12),
  (454, 421, 1),
  (455, 293, 2),
  (455, 421, 2),
  (456, 152, 1),
  (456, 398, 1),
  (458, 152, 1),
  (459, 27, 1),
  (459, 293, 1),
  (460, 97, 1),
  (460, 318, 1),
  (461, 97, 2),
  (461, 332, 3),
  (462, 332, 3),
  (462, 380, 3),
  (463, 152, 1),
  (463, 287, 1),
  (464, 4, 1),
  (464, 344, 1),
  (466, 4, 1),
  (466, 344, 1),
  (468, 4, 1),
  (468, 344, 1),
  (470, 332, 1),
  (470, 398, 1),
  (472, 183, 12),
  (473, 183, 11),
  (474, 4, 1),
  (474, 344, 1),
  (476, 5, 2),
  (476, 295, 2),
  (477, 5, 3),
  (477, 295, 3),
  (478, 5, 4),
  (478, 295, 4),
  (479, 5, 5),
  (479, 295, 4),
  (480, 380, 7),
  (480, 398, 1),
  (481, 27, 2),
  (481, 97, 2),
  (482, 332, 5),
  (482, 524, 3),
  (483, 183, 12),
  (486, 5, 1),
  (486, 295, 2),
  (487, 5, 2),
  (487, 295, 2),
  (488, 5, 2),
  (488, 295, 3),
  (489, 5, 3),
  (489, 295, 3),
  (490, 117, 2),
  (492, 97, 1),
  (492, 344, 1),
  (495, 293, 1),
  (495, 318, 3),
  (496, 299, 4),
  (496, 421, 5),
  (497, 4, 1),
  (497, 28, 2),
  (500, 5, 1),
  (500, 295, 2),
  (501, 5, 2),
  (501, 295, 2),
  (502, 5, 2),
  (502, 295, 3),
  (503, 5, 3),
  (503, 295, 3),
  (504, 332, 6),
  (505, 149, 1),
  (505, 293, 1),
  (507, 149, 2),
  (507, 293, 2),
  (510, 97, 4),
  (510, 461, 1),
  (512, 17, 1),
  (512, 89, 1),
  (515, 380, 1),
  (515, 524, 1),
  (517, 5, 2),
  (517, 228, 2),
  (518, 5, 2),
  (518, 228, 3),
  (519, 5, 3),
  (519, 228, 4),
  (520, 5, 4),
  (520, 228, 5),
  (521, 27, 1),
  (521, 152, 1),
  (522, 89, 3),
  (522, 380, 2),
  (523, 299, 4),
  (523, 318, 2),
  (524, 380, 2),
  (525, 31, 1),
  (525, 163, 1),
  (527, 97, 1),
  (529, 299, 1),
  (529, 375, 1);
